section,field,row_count,missing_count,missing_percent,observed_types,type_counts,examples
screener,#,35,0,0.0,integer,"{""integer"": 35}","[1, 2, 3]"
screener,Ticker,35,0,0.0,string,"{""string"": 35}","[""DMAS"", ""GULA"", ""HATM""]"
screener,Sector,35,1,2.86,string,"{""string"": 34}","[""IDXPROPERT"", ""IDXNONCYC"", ""IDXTRANS""]"
screener,Price,35,0,0.0,integer,"{""integer"": 35}","[152, 580, 320]"
screener,Chg %,35,0,0.0,integer|number,"{""integer"": 1, ""number"": 34}","[0.02013422818791946, 0.03571428571428571, -0.05882352941176471]"
screener,RVOL,35,0,0.0,number,"{""number"": 35}","[0.6126307884676191, 1.473893699973882, 0.2757724523315999]"
screener,ADR %,35,0,0.0,number,"{""number"": 35}","[0.03712406015037594, 0.07007389162561577, 0.08794642857142856]"
screener,Current Q VWAP,35,0,0.0,string,"{""string"": 35}","[""Between +1 σ and VWAP"", ""Between +3 σ and +2 σ"", ""Between VWAP and -1 σ""]"
screener,Prev Q VWAP,35,0,0.0,string,"{""string"": 35}","[""Above +3 σ"", ""Between VWAP and -1 σ"", ""Between -1 σ and -2 σ""]"
screener,Prev Y VWAP,35,0,0.0,string,"{""string"": 35}","[""Between +1 σ and VWAP"", ""Near +3 σ (0.22%)"", ""Near +1 σ (1.12%)""]"
screener,MA,35,0,0.0,string,"{""string"": 35}","[""Above All Available MA"", ""Above EMA20, EMA25, EMA50, SMA200 | Below EMA10"", ""Above EMA10, EMA20, EMA25 | Below EMA50, SMA200""]"
screener,Summary Screener,35,0,0.0,string,"{""string"": 35}","[""Close 152 > EMA25 150; EMA25 150 > EMA50 146; RSI 53.0 > 50 confirms positive momentum"", ""Close 580 > EMA25 473; EMA25 473 > EMA50 428; RSI 77.6 > 50 confirms positive momentum"", ""Close 320 > EMA25 315; EMA25 315 > EMA50 315; RSI 51.4 > 50 confirms positive momentum""]"
screener,Sentiment News,35,24,68.57,string,"{""string"": 11}","[""→ Neutral  ·  Jumlah pemegang saham dari PT Puradelta Lestari Tbk – IDX:DMAS - TradingVie…  [1d]"", ""→ Neutral  ·  Pengendali Serok Saham GULA, Kini Genggam 55,17% - investor.id  [2d]"", ""↑ Bullish  ·  Laba naik 45%, Midi Utama Indonesia (MIDI) bagikan dividen Rp 396,2 miliar …  [3d]""]"
screener,Corp. Action,35,35,100.0,,{},[]
screener,Entry POI,35,0,0.0,string,"{""string"": 35}","[""EMA25"", ""PrevY +3SD"", ""PrevY +1SD""]"
screener,Entry,35,0,0.0,integer,"{""integer"": 35}","[150, 579, 324]"
screener,Entry Distance %,35,0,0.0,integer|number,"{""integer"": 2, ""number"": 33}","[-0.0114, -0.0022, 0.0113]"
screener,Target POI,35,0,0.0,string,"{""string"": 35}","[""OB Bear Low"", ""EQ High"", ""OB Bear High""]"
screener,Target,35,0,0.0,integer,"{""integer"": 35}","[155, 990, 343]"
screener,Target Upside %,35,0,0.0,number,"{""number"": 35}","[0.0315, 0.7107, 0.0599]"
screener,Invalidation POI,35,0,0.0,string,"{""string"": 35}","[""PrevQ +3SD"", ""SMA200"", ""EMA25""]"
screener,Invalidation,35,0,0.0,integer,"{""integer"": 35}","[148, 515, 315]"
screener,Invalidation Down %,35,0,0.0,number,"{""number"": 35}","[0.0146, 0.1098, 0.0268]"
screener,R/R,35,0,0.0,number,"{""number"": 35}","[2.1545, 6.4733, 2.2392]"
screener,Beta Zone,35,35,100.0,,{},[]
screener,RS Rating,35,0,0.0,integer,"{""integer"": 35}","[7, 12, 8]"
screener,Filter,35,0,0.0,string,"{""string"": 35}","[""A"", ""B"", ""D""]"
screener,Filter Label,35,0,0.0,string,"{""string"": 35}","[""EMA Trend"", ""Golden Cross"", ""POI Reclaim""]"
screener,Section,35,0,0.0,string,"{""string"": 35}","[""▲  EMA Trend ↑  |  Requirement: Close > EMA25 AND EMA25 > EMA50 AND RSI > 50"", ""✦  Golden Cross  |  Requirement: EMA Golden Cross OR MACD line crossed above MACD signal"", ""◉  POI Reclaim  |  Requirement: Candle low touched POI (VWAP/EMA/Internal OB EQ) and close reclaimed above it""]"
technical,Ticker,956,0,0.0,string,"{""string"": 956}","[""AADI"", ""AALI"", ""ABBA""]"
technical,Closing Price,956,0,0.0,integer|number,"{""integer"": 955, ""number"": 1}","[7975, 6175, 36]"
technical,Price Change %,956,0,0.0,integer|number,"{""integer"": 200, ""number"": 756}","[0.0126984126984127, 0.02489626556016597, 0.02857142857142857]"
technical,Beta (vs IHSG),956,0,0.0,integer|number,"{""integer"": 77, ""number"": 879}","[0.361, 0.5525, 1.0385]"
technical,Beta (vs IHSG) Zone,956,0,0.0,string,"{""string"": 956}","[""Low Correlation"", ""Defensive"", ""Above Market""]"
technical,RS Rating,956,0,0.0,integer,"{""integer"": 956}","[6, 5, 7]"
technical,RS Rating Zone,956,0,0.0,string,"{""string"": 956}","[""Weak (<60)"", ""Top-Tier Leader (≥95)""]"
technical,Emiten,956,1,0.1,string,"{""string"": 955}","[""ADARO ANDALAN INDONESIA Tbk"", ""ASTRA AGRO LESTARI Tbk"", ""MAHAKA MEDIA Tbk""]"
technical,IDX Sector,956,44,4.6,string,"{""string"": 912}","[""IDXENERGY"", ""IDXNONCYC"", ""IDXCYCLIC""]"
technical,Sector,956,49,5.13,string,"{""string"": 907}","[""Energy"", ""Consumer Defensive"", ""Communication Services""]"
technical,Industry,956,49,5.13,string,"{""string"": 907}","[""Thermal Coal"", ""Farm Products"", ""Publishing""]"
technical,Investors,956,1,0.1,string,"{""string"": 955}","[""1. ADARO STRATEGIC INVESTMENTS - Corporate - 41.1\n2. ALAMTRI RESOURCES INDONESIA TBK PT - Corporate - 15.37\n3. GARIBALDI THOHIR - Individual - 5.83\n4. SARATOGA INVESTAMA SEDAYA TBK PT - Corporate - 4.38\n5. EDWIN SOERYADJAYA - Individual - 3.52\n6. IR. T. PERMADI RACHMAT - Individual - 3.27\n7. SANDIAGA SALAHUDDIN UNO - Individual - 2.04\n8. PERSADA CAPITAL INVESTAMA - Corporate - 1.54\n9. FTAG INVESTMENT BANK LTD - Bank - 1.29\n10. PT TRINUGRAHA THOHIR - Corporate - 1.15"", ""1. PT ASTRA INTERNATIONAL TBK - Corporate - 79.68\n2. DJS KETENAGAKERJAAN PROGRAM JAMINAN HARI TUA - Insurance - 2.18"", ""1. PT. Beyond Media - Corporate - 40.47\n2. SOLIC KREASI BARU PT - Corporate - 13.77\n3. MEDIAHUIS IRELAND LIMITED - Unknown - 7.19\n4. DRS. WINARTO - Individual - 4.54\n5. YAYASAN ABDI BANGSA - Unknown - 2.83\n6. YAYASAN BINA SEJAHTERA WARGA BULOG - Unknown - 1.35\n7. KAIROS EKSPRES INTERNASIONAL PT - Corporate - 1.33\n8. PT.Grid One Media - Corporate - 1.11\n9. TJEN FOENG FA - Individual - 1.06\n10. PEARL HILL INVESTMENTS LTD - Bank - 1.02""]"
technical,Free Float,956,1,0.1,integer|number,"{""integer"": 8, ""number"": 947}","[20.51, 18.14, 25.33]"
technical,Classic HHI,956,1,0.1,integer,"{""integer"": 955}","[2011, 6354, 1915]"
technical,CR1,956,1,0.1,integer|number,"{""integer"": 83, ""number"": 872}","[41.1, 79.68, 40.47]"
technical,CR3,956,1,0.1,integer|number,"{""integer"": 17, ""number"": 938}","[62.3, 81.86, 61.43]"
technical,Total Investor >1%,956,0,0.0,integer,"{""integer"": 956}","[10, 2, 4]"
technical,CCS,956,1,0.1,integer,"{""integer"": 955}","[41, 76, 85]"
technical,Ownership Type,956,1,0.1,string,"{""string"": 955}","[""Oligopoli"", ""Mayoritas"", ""Terkonsentrasi""]"
technical,CCS Category,956,1,0.1,string,"{""string"": 955}","[""Sedang"", ""Tinggi"", ""Rendah""]"
technical,Market Cap,956,4,0.42,string,"{""string"": 952}","[""62.10 T"", ""11.88 T"", ""141.69 B""]"
technical,Market Cap Categories,956,4,0.42,string,"{""string"": 952}","[""Large Cap"", ""Small Cap"", ""Mid Cap""]"
technical,Liquidity Categories,956,0,0.0,string,"{""string"": 956}","[""High Liquidity"", ""Medium Liquidity"", ""Very Low Liquidity""]"
technical,Verdict Weight Profiles,956,0,0.0,string,"{""string"": 956}","[""Institutional Driven"", ""Low Liquidity / Small Cap"", ""Mid Cap / Moderate""]"
technical,Internal Trend,956,0,0.0,string,"{""string"": 956}","[""Bearish"", ""Bullish"", ""Neutral""]"
technical,Swing Trend,956,0,0.0,string,"{""string"": 956}","[""Bullish"", ""Bearish"", ""Neutral""]"
technical,Latest Internal Struct,956,5,0.52,string,"{""string"": 951}","[""Internal Bearish BOS"", ""Internal Bullish CHoCH"", ""Internal Bearish CHoCH""]"
technical,Latest Swing Struct,956,15,1.57,string,"{""string"": 941}","[""Swing Bullish BOS"", ""Swing Bearish CHoCH"", ""Swing Bullish CHoCH""]"
technical,Strong High,956,348,36.4,integer|number,"{""integer"": 603, ""number"": 5}","[8500, 97, 3190]"
technical,Weak High,956,608,63.6,integer|number,"{""integer"": 346, ""number"": 2}","[11800, 4760, 75]"
technical,Premium Zone,956,0,0.0,string,"{""string"": 956}","[""11548 - 11800"", ""8366 - 8500"", ""94 - 97""]"
technical,Strong Low,956,593,62.03,integer|number,"{""integer"": 361, ""number"": 2}","[6750, 2230, 50]"
technical,Weak Low,956,363,37.97,integer|number,"{""integer"": 591, ""number"": 2}","[5825, 29, 2120]"
technical,Discount Zone,956,0,0.0,string,"{""string"": 956}","[""6750 - 7002"", ""5825 - 5959"", ""29 - 32""]"
technical,Closest OB Bull,956,146,15.27,string,"{""string"": 810}","[""7350 - 7675"", ""5600 - 5800"", ""16 - 16""]"
technical,Equilibrium,956,0,0.0,string,"{""string"": 956}","[""9149 - 9401"", ""7096 - 7229"", ""61 - 65""]"
technical,Closest OB Bear,956,40,4.18,string,"{""string"": 916}","[""8300 - 8475"", ""6475 - 6875"", ""45 - 47""]"
technical,OB Bull Age (Days),956,146,15.27,integer,"{""integer"": 810}","[83, 225, 285]"
technical,OB Bear Age (Days),956,40,4.18,integer,"{""integer"": 916}","[7, 6, 29]"
technical,Summary,956,676,70.71,string,"{""string"": 280}","[""Price is on In Bear OB"", ""Price is on Discount"", ""Price is on In Bull OB""]"
technical,Lot,956,100,10.46,string,"{""string"": 856}","[""140.07 K"", ""23.29 K"", ""1.29 K""]"
technical,Value (Approx),956,100,10.46,string,"{""string"": 856}","[""110.91 B"", ""14.26 B"", ""4.63 M""]"
technical,Average Value 20 D (Approx),956,100,10.46,string,"{""string"": 856}","[""136.67 B"", ""23.71 B"", ""10.14 M""]"
technical,Volume,956,100,10.46,string,"{""string"": 856}","[""14.01 M"", ""2.33 M"", ""128.60 K""]"
technical,Average Volume 20 D,956,100,10.46,string,"{""string"": 856}","[""16.56 M"", ""3.54 M"", ""286.52 K""]"
technical,RVOL 20 D,956,100,10.46,number,"{""number"": 856}","[0.8456848283480056, 0.657691091077521, 0.4488264549341244]"
technical,RVOL 20 D Zone,956,100,10.46,string,"{""string"": 856}","[""Below 1.5"", ""Above 1.5""]"
technical,RVOL Change %,956,99,10.36,integer|number,"{""integer"": 2, ""number"": 855}","[0.1447265963510746, -0.2449499127629719, -0.6109435864062794]"
technical,RVOL Change Zone,956,99,10.36,string,"{""string"": 857}","[""RVOL ↑"", ""RVOL ↓"", ""RVOL ↓↓""]"
technical,ADR %,956,104,10.88,integer|number,"{""integer"": 8, ""number"": 844}","[4.366323331840573, 4.626951995373048, 3.174603174603174]"
technical,ATR (14) %,956,104,10.88,number,"{""number"": 852}","[5.368518335568949, 5.008766478137449, 4.842548957020036]"
technical,ADR & ATR (14) Zone,956,104,10.88,string,"{""string"": 852}","[""Above 3%"", ""Below 3%""]"
technical,IBH,956,113,11.82,integer,"{""integer"": 843}","[8425, 6875, 37]"
technical,IBL,956,113,11.82,integer,"{""integer"": 843}","[7850, 6475, 36]"
technical,vs IBL,956,113,11.82,string,"{""string"": 843}","[""Above"", ""Below"", ""At Level""]"
technical,PWH,956,110,11.51,integer,"{""integer"": 846}","[8425, 6875, 37]"
technical,PWL,956,110,11.51,integer,"{""integer"": 846}","[7400, 6100, 32]"
technical,vs PWL,956,110,11.51,string,"{""string"": 846}","[""Above"", ""Below"", ""At Level""]"
technical,MDH,956,151,15.79,integer,"{""integer"": 805}","[7725, 6300, 32]"
technical,MDL,956,151,15.79,integer,"{""integer"": 805}","[7000, 5900, 29]"
technical,vs MDL,956,151,15.79,string,"{""string"": 805}","[""Above"", ""Below"", ""At Level""]"
technical,MP Summary,956,109,11.4,string,"{""string"": 847}","[""IBL Above | PWL Above | MDL Above"", ""IBL Below | PWL Above | MDL Above"", ""IBL At Level | PWL Above | MDL Above""]"
technical,Current MVWAP (June 2026) · Running Days,956,100,10.46,integer,"{""integer"": 856}","[7, 5, 1]"
technical,Current MVWAP (June 2026) · 3 σ,956,108,11.3,number,"{""number"": 848}","[8581.184974733198, 7089.428772362203, 37.33485580095599]"
technical,Current MVWAP (June 2026) · 2 σ,956,108,11.3,number,"{""number"": 848}","[8342.777243215272, 6847.030451946301, 35.93386704144006]"
technical,Current MVWAP (June 2026) · 1 σ,956,108,11.3,number,"{""number"": 848}","[8104.369511697346, 6604.632131530398, 34.53287828192413]"
technical,Current MVWAP (June 2026) · VWAP,956,100,10.46,integer|number,"{""integer"": 8, ""number"": 848}","[7865.961780179419, 6362.233811114495, 33.13188952240819]"
technical,Current MVWAP (June 2026) · -1 σ,956,100,10.46,integer|number,"{""integer"": 8, ""number"": 848}","[7627.554048661493, 6119.835490698591, 31.73090076289226]"
technical,Current MVWAP (June 2026) · -2 σ,956,100,10.46,integer|number,"{""integer"": 8, ""number"": 848}","[7389.146317143567, 5877.437170282688, 30.32991200337633]"
technical,Current MVWAP (June 2026) · -3 σ,956,100,10.46,integer|number,"{""integer"": 8, ""number"": 848}","[7150.738585625641, 5635.038849866786, 28.9289232438604]"
technical,Current MVWAP (June 2026) · Price σ,956,100,10.46,integer|number,"{""integer"": 8, ""number"": 848}","[0.4573602505520338, -0.7724220646134923, 2.047204489051567]"
technical,Current MVWAP (June 2026) · Price σ Δ 1D,956,101,10.56,integer|number,"{""integer"": 7, ""number"": 848}","[0.3869349783183504, 0.6865274573064539, 0.4119788549365029]"
technical,Current MVWAP (June 2026) · VWAP Zone,956,100,10.46,string,"{""string"": 856}","[""Between +1 σ and VWAP"", ""Between VWAP and -1 σ"", ""Near +2 σ (0.18%)""]"
technical,Current MVWAP (June 2026) · VWAP Zone Days,956,0,0.0,integer,"{""integer"": 956}","[2, 1, 3]"
technical,Previous MVWAP (May 2026) · Running Days,956,96,10.04,integer,"{""integer"": 860}","[16, 14, 12]"
technical,Previous MVWAP (May 2026) · 3 σ,956,97,10.15,number,"{""number"": 859}","[11286.32743622257, 8911.237040867043, 48.07112406933078]"
technical,Previous MVWAP (May 2026) · 2 σ,956,97,10.15,number,"{""number"": 859}","[10501.31521216549, 8306.637824490886, 44.91176032848436]"
technical,Previous MVWAP (May 2026) · 1 σ,956,97,10.15,number,"{""number"": 859}","[9716.302988108408, 7702.03860811473, 41.75239658763795]"
technical,Previous MVWAP (May 2026) · VWAP,956,96,10.04,integer|number,"{""integer"": 2, ""number"": 858}","[8931.290764051326, 7097.439391738573, 38.59303284679154]"
technical,Previous MVWAP (May 2026) · -1 σ,956,96,10.04,integer|number,"{""integer"": 1, ""number"": 859}","[8146.278539994243, 6492.840175362417, 35.43366910594514]"
technical,Previous MVWAP (May 2026) · -2 σ,956,96,10.04,integer|number,"{""integer"": 2, ""number"": 858}","[7361.266315937161, 5888.240958986259, 32.27430536509873]"
technical,Previous MVWAP (May 2026) · -3 σ,956,96,10.04,integer|number,"{""integer"": 1, ""number"": 859}","[6576.254091880079, 5283.641742610102, 29.11494162425231]"
technical,Previous MVWAP (May 2026) · Price σ,956,96,10.04,integer|number,"{""integer"": 1, ""number"": 859}","[-1.218185825322625, -1.525703915508665, -0.8207452700893684]"
technical,Previous MVWAP (May 2026) · Price σ Δ 1D,956,97,10.15,integer|number,"{""integer"": 107, ""number"": 752}","[0.1273865513624517, 0.2480982375383631, 0.3165194267033319]"
technical,Previous MVWAP (May 2026) · VWAP Zone,956,96,10.04,string,"{""string"": 860}","[""Between -1 σ and -2 σ"", ""Between VWAP and -1 σ"", ""Between -2 σ and -3 σ""]"
technical,Previous MVWAP (May 2026) · VWAP Zone Days,956,0,0.0,integer,"{""integer"": 956}","[6, 5, 1]"
technical,Current QVWAP (Q2 2026) · Running Days,956,90,9.41,integer,"{""integer"": 866}","[44, 42, 1]"
technical,Current QVWAP (Q2 2026) · 3 σ,956,92,9.62,number,"{""number"": 864}","[13254.25358636668, 9612.223698339512, 52.15306122397478]"
technical,Current QVWAP (Q2 2026) · 2 σ,956,92,9.62,number,"{""number"": 864}","[12025.51317449999, 8840.706058749813, 48.34061224669097]"
technical,Current QVWAP (Q2 2026) · 1 σ,956,92,9.62,number,"{""number"": 864}","[10796.77276263331, 8069.188419160115, 44.52816326940716]"
technical,Current QVWAP (Q2 2026) · VWAP,956,90,9.41,integer|number,"{""integer"": 1, ""number"": 865}","[9568.032350766618, 7297.670779570416, 40.71571429212335]"
technical,Current QVWAP (Q2 2026) · -1 σ,956,90,9.41,integer|number,"{""integer"": 1, ""number"": 865}","[8339.29193889993, 6526.153139980717, 36.90326531483954]"
technical,Current QVWAP (Q2 2026) · -2 σ,956,90,9.41,integer|number,"{""integer"": 1, ""number"": 865}","[7110.551527033243, 5754.635500391018, 33.09081633755573]"
technical,Current QVWAP (Q2 2026) · -3 σ,956,90,9.41,integer|number,"{""integer"": 1, ""number"": 865}","[5881.811115166556, 4983.11786080132, 29.27836736027192]"
technical,Current QVWAP (Q2 2026) · Price σ,956,90,9.41,integer|number,"{""integer"": 2, ""number"": 864}","[-1.296475915809185, -1.455145964216015, -1.236925220565988]"
technical,Current QVWAP (Q2 2026) · Price σ Δ 1D,956,92,9.62,number,"{""number"": 864}","[0.1136259688594312, 0.2402694715832456, 0.2717981436103136]"
technical,Current QVWAP (Q2 2026) · VWAP Zone,956,90,9.41,string,"{""string"": 866}","[""Between -1 σ and -2 σ"", ""Between VWAP and -1 σ"", ""Near -3 σ (0.28%)""]"
technical,Current QVWAP (Q2 2026) · VWAP Zone Days,956,0,0.0,integer,"{""integer"": 956}","[7, 5, 2]"
technical,Previous QVWAP (Q1 2026) · Running Days,956,87,9.1,integer,"{""integer"": 869}","[55, 51, 49]"
technical,Previous QVWAP (Q1 2026) · 3 σ,956,87,9.1,number,"{""number"": 869}","[12969.40435474064, 8069.962097274873, 78.54998832773114]"
technical,Previous QVWAP (Q1 2026) · 2 σ,956,87,9.1,number,"{""number"": 869}","[11695.99932368528, 7886.574755185283, 71.27947504479592]"
technical,Previous QVWAP (Q1 2026) · 1 σ,956,87,9.1,number,"{""number"": 869}","[10422.59429262993, 7703.187413095693, 64.00896176186069]"
technical,Previous QVWAP (Q1 2026) · VWAP,956,87,9.1,number,"{""number"": 869}","[9149.189261574575, 7519.800071006103, 56.73844847892547]"
technical,Previous QVWAP (Q1 2026) · -1 σ,956,87,9.1,number,"{""number"": 869}","[7875.784230519221, 7336.412728916514, 49.46793519599025]"
technical,Previous QVWAP (Q1 2026) · -2 σ,956,87,9.1,number,"{""number"": 869}","[6602.379199463866, 7153.025386826924, 42.19742191305502]"
technical,Previous QVWAP (Q1 2026) · -3 σ,956,87,9.1,number,"{""number"": 869}","[5328.974168408511, 6969.638044737334, 34.9269086301198]"
technical,Previous QVWAP (Q1 2026) · Price σ,956,87,9.1,number,"{""number"": 869}","[-0.9220862435272829, -7.333112829287479, -2.852405005242357]"
technical,Previous QVWAP (Q1 2026) · Price σ Δ 1D,956,87,9.1,integer|number,"{""integer"": 117, ""number"": 752}","[0.07852960963812394, 0.8179408583539036, 0.1375418709910234]"
technical,Previous QVWAP (Q1 2026) · VWAP Zone,956,87,9.1,string,"{""string"": 869}","[""Near -1 σ (1.26%)"", ""Below -3 σ"", ""Between -2 σ and -3 σ""]"
technical,Previous QVWAP (Q1 2026) · VWAP Zone Days,956,0,0.0,integer,"{""integer"": 956}","[1, 16, 2]"
technical,Previous Year VWAP (2025) · Running Days,956,63,6.59,integer,"{""integer"": 893}","[236, 62, 229]"
technical,Previous Year VWAP (2025) · 3 σ,956,64,6.69,number,"{""number"": 892}","[9740.802907282246, 9683.470758798607, 114.6211652000904]"
technical,Previous Year VWAP (2025) · 2 σ,956,64,6.69,number,"{""number"": 892}","[8996.099019240948, 8845.984359431463, 93.93622226654318]"
technical,Previous Year VWAP (2025) · 1 σ,956,64,6.69,number,"{""number"": 892}","[8251.395131199652, 8008.497960064318, 73.25127933299598]"
technical,Previous Year VWAP (2025) · VWAP,956,63,6.59,integer|number,"{""integer"": 1, ""number"": 892}","[7506.691243158355, 7171.011560697175, 52.56633639944877]"
technical,Previous Year VWAP (2025) · -1 σ,956,63,6.59,integer|number,"{""integer"": 1, ""number"": 892}","[6761.987355117059, 6333.525161330032, 31.88139346590155]"
technical,Previous Year VWAP (2025) · -2 σ,956,63,6.59,integer|number,"{""integer"": 1, ""number"": 892}","[6017.283467075761, 5496.038761962887, 11.19645053235434]"
technical,Previous Year VWAP (2025) · -3 σ,956,63,6.59,integer|number,"{""integer"": 1, ""number"": 892}","[5272.579579034464, 4658.552362595743, -9.488492401192872]"
technical,Previous Year VWAP (2025) · Price σ,956,63,6.59,integer|number,"{""integer"": 1, ""number"": 892}","[0.628852305408771, -1.189286848657868, -0.800888668277696]"
technical,Previous Year VWAP (2025) · Price σ Δ 1D,956,64,6.69,integer|number,"{""integer"": 140, ""number"": 752}","[0.1342815602359989, 0.1791073862373758, 0.04834434415471278]"
technical,Previous Year VWAP (2025) · VWAP Zone,956,63,6.59,string,"{""string"": 893}","[""Between +1 σ and VWAP"", ""Between -1 σ and -2 σ"", ""Between VWAP and -1 σ""]"
technical,Previous Year VWAP (2025) · VWAP Zone Days,956,0,0.0,integer,"{""integer"": 956}","[2, 3, 11]"
technical,EMA 25,956,0,0.0,integer|number,"{""integer"": 5, ""number"": 951}","[8577.488887022047, 6824.008534035674, 36.63031898458553]"
technical,EMA 25 %diff,956,0,0.0,integer|number,"{""integer"": 5, ""number"": 951}","[-7.024070738624077, -9.510664161667659, -1.720757563838782]"
technical,EMA 25 Pos,956,0,0.0,string,"{""string"": 956}","[""Below"", ""Above""]"
technical,EMA 50,956,0,0.0,number,"{""number"": 956}","[9069.173869533766, 7184.599073965563, 39.28610716935268]"
technical,EMA 50 %diff,956,0,0.0,number,"{""number"": 956}","[-12.06475788505328, -14.05226740659742, -8.364552779910417]"
technical,EMA 50 Pos,956,0,0.0,string,"{""string"": 956}","[""Below"", ""Above""]"
technical,SMA 200,956,4,0.42,integer|number,"{""integer"": 87, ""number"": 865}","[8395.25, 7579.625, 50.26]"
technical,SMA 200 %diff,956,4,0.42,integer|number,"{""integer"": 78, ""number"": 874}","[-5.005806855066853, -18.5315896234972, -28.37246319140469]"
technical,SMA 200 Pos,956,4,0.42,string,"{""string"": 952}","[""Below"", ""Above""]"
technical,MA Zone,956,0,0.0,string,"{""string"": 956}","[""Below All Available MA"", ""Above EMA10 | Below EMA20, EMA25, EMA50, SMA200"", ""Above All Available MA""]"
technical,RSI 14,956,0,0.0,number,"{""number"": 956}","[38.05050110975448, 34.43339550280081, 47.53582488490366]"
technical,RSI 14 Δ 1D,956,0,0.0,integer|number,"{""integer"": 183, ""number"": 773}","[2.130268986224095, 4.368286419629413, 2.936491863050883]"
technical,RSI Status,956,0,0.0,string,"{""string"": 956}","[""Weak"", ""Neutral"", ""Oversold""]"
technical,RSI MA 14,956,0,0.0,number,"{""number"": 956}","[32.36743964717591, 28.91432284120912, 37.48943384861258]"
technical,RSI Pos,956,4,0.42,string,"{""string"": 952}","[""Above"", ""Below""]"
technical,RSI Cross,956,731,76.46,string,"{""string"": 225}","[""Golden"", ""Dead""]"
technical,Divergence Signal,956,757,79.18,string,"{""string"": 199}","[""Bearish"", ""Bullish""]"
technical,Divergence Start Date,956,757,79.18,string,"{""string"": 199}","[""12 Jan '26"", ""21 May '26"", ""02 Feb '26""]"
technical,Divergence Confirm Date,956,757,79.18,string,"{""string"": 199}","[""06 May '26"", ""08 Jun '26"", ""05 Jun '26""]"
technical,MACD Line,956,0,0.0,integer|number,"{""integer"": 3, ""number"": 953}","[-533.566542112485, -417.2214364482807, -1.704869026047071]"
technical,Signal Line,956,0,0.0,number,"{""number"": 956}","[-554.2766933385003, -381.9593549734399, -1.87496553072144]"
technical,Histogram (EMA3),956,0,0.0,number,"{""number"": 956}","[3.631248920146173, -42.02071619278919, 0.04534833108280316]"
technical,Lines Position,956,0,0.0,string,"{""string"": 956}","[""Both Below Zero"", ""Both Above Zero"", ""Mixed""]"
technical,Wave Pattern,956,0,0.0,string,"{""string"": 956}","[""Mountain (Building)"", ""Valley (Recovering)"", ""Valley (Deepening)""]"
technical,MACD Cross,956,892,93.31,string,"{""string"": 64}","[""Golden Cross"", ""Dead Cross""]"
fundamental,Ticker,952,0,0.0,string,"{""string"": 952}","[""AADI"", ""AALI"", ""ABBA""]"
fundamental,Price,952,0,0.0,integer|number,"{""integer"": 951, ""number"": 1}","[7975, 6175, 36]"
fundamental,Price Change %,952,0,0.0,integer|number,"{""integer"": 200, ""number"": 752}","[0.0126984126984127, 0.02489626556016597, 0.02857142857142857]"
fundamental,IDX Sector,952,44,4.62,string,"{""string"": 908}","[""IDXENERGY"", ""IDXNONCYC"", ""IDXCYCLIC""]"
fundamental,Business Summary,952,46,4.83,string,"{""string"": 906}","[""PT Adaro Andalan Indonesia Tbk engages in the coal mining activities. The company is also involved in the logistics business which includes coal barging and transshipment, fuel oil transportation and management, river channel management and dredging, multipurpose terminal and stockpile management, stevedoring, and shipyard operations. In addition, it engages in construction, operation, and maintenance of drinking water supply system; mine water pumping and processing services; water treatment; water solution services; and lease of powerplant and supporting activities. Further, the company is involved in forestry business; port; manufacture, repair, and maintenance of sea transportation; trading, handling, and barging of coal; sea transportation; and investment activities, as well as provision of terminal handling and mining support services. PT Adaro Andalan Indonesia Tbk was founded in 2004 and is headquartered in Jakarta, Indonesia."", ""PT Astra Agro Lestari Tbk engages in the crude palm oil and related derivatives business in Indonesia. It also offers palm kernel and its derivatives. The company was founded in 1988 and is headquartered in Jakarta, Indonesia. PT Astra Agro Lestari Tbk is a subsidiary of PT Astra International Tbk."", ""PT Mahaka Media Tbk, through its subsidiaries, operates as a multiplatform media company in Indonesia and internationally. It operates through six segments: Newspaper Advertisement, Digital and Book; Media Buying; Event Organizer; Television Broadcasting; Rent; and IT Services. The company offers print and digital newspaper advertisements, book publishing, and digital content; media buying services; event organization for various corporate and commercial activities; television broadcasting services; rental services for commercial property and facilities; and information technology services, including digital marketing and software development. The company also engages in press publication, building management, agency creative content, software development, communication equipment trading, and delivery services, as well as book printing and general trading. Web3/NFTs projects and loyalty program services under the CardPlus name. In addition, it provides online services through republika.id, bukurepublika.id, ihram.co.id, and Republika.co.id. PT Mahaka Media Tbk was formerly known as PT Abdi Bangsa Tbk and changed its name to PT Mahaka Media Tbk in May 2010. PT Mahaka Media Tbk was founded in 1992 and is based in Jakarta, Indonesia.""]"
fundamental,Shares Outstanding,952,4,0.42,string,"{""string"": 948}","[""7.79 B"", ""1.92 B"", ""3.94 B""]"
fundamental,Free Float,952,58,6.09,string,"{""string"": 894}","[""2.90 B"", ""391.00 M"", ""1.52 B""]"
fundamental,Free Float (%),952,60,6.3,integer|number,"{""integer"": 1, ""number"": 891}","[0.3721712619516365, 0.2031500000784802, 0.3855700000321426]"
fundamental,IPO Date,952,0,0.0,string,"{""string"": 952}","[""2024-12-05"", ""2001-04-05"", ""2005-09-29""]"
fundamental,Current PE Ratio (Annualised),952,314,32.98,integer|number,"{""integer"": 3, ""number"": 635}","[6.046707494992565, 7.957102072451775, -5.358739207470611]"
fundamental,Current PE Ratio (TTM),952,19,2.0,integer|number,"{""integer"": 13, ""number"": 920}","[4.83389, 7.5805936, -5.519333330142304]"
fundamental,Earnings Yield (TTM),952,22,2.31,number,"{""number"": 930}","[0.2068727256929719, 0.1319157908689367, -0.1811813021943752]"
fundamental,Current Price to Sales (TTM),952,31,3.26,integer|number,"{""integer"": 6, ""number"": 915}","[12964.557, 0.40796193, 0.8594154]"
fundamental,Current Price to Book Value,952,4,0.42,integer|number,"{""integer"": 19, ""number"": 929}","[18633.178, 0.4969169, 5.732484]"
fundamental,EV to EBIT (TTM),952,324,34.03,number,"{""number"": 628}","[4.305415950067974, 3.999123481995628, -8.815395951235002]"
fundamental,EV to EBITDA (TTM),952,98,10.29,integer|number,"{""integer"": 1, ""number"": 853}","[56540.46, 1.982, -18.961]"
fundamental,Market Cap,952,4,0.42,string,"{""string"": 948}","[""62,100"", ""11,885"", ""142""]"
fundamental,Enterprise Value,952,37,3.89,string,"{""string"": 915}","[""61,319"", ""7,509"", ""196""]"
fundamental,Current Share Outstanding,952,4,0.42,string,"{""string"": 948}","[""7.79 B"", ""1.92 B"", ""3.94 B""]"
fundamental,Gross Profit Margin (Quarter),952,388,40.76,number,"{""number"": 564}","[0.2466529144065459, 0.154966847338596, 0.4636513439078674]"
fundamental,Operating Profit Margin (Quarter),952,338,35.5,number,"{""number"": 614}","[0.2042708620636818, 0.0719886171485792, -0.2410490832865244]"
fundamental,Net Profit Margin (Quarter),952,319,33.51,number,"{""number"": 633}","[0.1369843860133002, 0.04977558085640921, -0.2346059217057329]"
fundamental,Return on Assets (TTM),952,30,3.15,number,"{""number"": 922}","[0.103760004, 0.05065, -0.052259997]"
fundamental,Return on Equity (TTM),952,42,4.41,number,"{""number"": 910}","[0.21462, 0.068390004, -1.038598518543346]"
fundamental,Return on Capital Employed (TTM),952,375,39.39,number,"{""number"": 577}","[0.161355076707827, 0.07377189181156692, -0.6656956986230952]"
fundamental,Return On Invested Capital (TTM),952,323,33.93,number,"{""number"": 629}","[0.1832556931694995, 0.07622152852110539, -0.164395997686094]"
fundamental,Days Sales Outstanding (Quarter),952,331,34.77,integer|number,"{""integer"": 5, ""number"": 616}","[41.41091868162177, 10.76168941073029, 110.0920929754547]"
fundamental,Asset Turnover (TTM),952,297,31.2,integer|number,"{""integer"": 3, ""number"": 652}","[0.8286454289737637, 1.044424341482622, 0.7129362658876237]"
fundamental,Days Inventory (Quarter),952,440,46.22,integer|number,"{""integer"": 3, ""number"": 509}","[15.86408759291111, 42.80476533687821, 10.24963240205872]"
fundamental,Days Payables Outstanding (Quarter),952,387,40.65,number,"{""number"": 565}","[59.04249598608764, 19.37640700149023, 492.5525762251669]"
fundamental,Cash Conversion Cycle (Quarter),952,446,46.85,number,"{""number"": 506}","[-1.767489711554767, 34.19004774611827, -372.2108508476534]"
fundamental,Receivables Turnover (Quarter),952,334,35.08,integer|number,"{""integer"": 2, ""number"": 616}","[8.693359419716726, 33.45199682505708, 3.269989608429578]"
fundamental,Current Ratio (Quarter),952,84,8.82,integer|number,"{""integer"": 1, ""number"": 867}","[2.095, 4, 0.454]"
fundamental,Quick Ratio (Quarter),952,88,9.24,integer|number,"{""integer"": 1, ""number"": 863}","[1.74, 2.305, 0.292]"
fundamental,Debt to Equity Ratio (Quarter),952,74,7.77,integer|number,"{""integer"": 35, ""number"": 843}","[0.22226, 0, 4.00596498657482]"
fundamental,LT Debt/Equity (Quarter),952,402,42.23,integer|number,"{""integer"": 18, ""number"": 532}","[0.2227672134167225, 0, 0.005006949160157655]"
fundamental,Total Liabilities/Equity (Quarter),952,297,31.2,number,"{""number"": 655}","[0.5754287704311737, 0.1404768415269566, 13.73997064863298]"
fundamental,Financial Leverage (Quarter),952,297,31.2,number,"{""number"": 655}","[1.663718495194951, 1.166237898967195, 9.355790150216164]"
fundamental,Interest Coverage (TTM),952,341,35.82,number,"{""number"": 611}","[29.47403417533432, 39.15873777295764, -6.482988502151263]"
fundamental,Free cash flow (Quarter),952,313,32.88,string,"{""string"": 639}","[""-571"", ""1,946"", ""-5""]"
fundamental,Altman Z-Score (Original),952,297,31.2,number,"{""number"": 655}","[2.734476991546242, 4.653691867501557, -2.205942934203609]"
fundamental,Altman Z-Score (Modified),952,297,31.2,number,"{""number"": 655}","[4.328483445122356, 11.86118964890033, -8.970254565409126]"
fundamental,1 Month Price Returns,952,0,0.0,integer|number,"{""integer"": 97, ""number"": 855}","[-0.1284153005464481, -0.2469512195121951, -0.07692307692307687]"
fundamental,3 Month Price Returns,952,0,0.0,integer|number,"{""integer"": 91, ""number"": 861}","[-0.2458628841607565, -0.1245286425354998, -0.2]"
fundamental,6 Month Price Returns,952,0,0.0,integer|number,"{""integer"": 88, ""number"": 864}","[0.03908794788273617, -0.1750366120557221, -0.368421052631579]"
fundamental,1 Year Price Returns,952,8,0.84,integer|number,"{""integer"": 79, ""number"": 865}","[0.1720767188970675, 0.08478586621734885, 0]"
fundamental,3 Year Price Returns,952,115,12.08,integer|number,"{""integer"": 39, ""number"": 798}","[-0.07835431323972186, -0.6603773584905661, -0.4810810810810811]"
fundamental,Year to Date Price Returns,952,0,0.0,integer|number,"{""integer"": 87, ""number"": 865}","[0.1312056737588652, -0.1274963123638265, -0.3898305084745762]"
fundamental,52 Week High,952,0,0.0,integer|number,"{""integer"": 782, ""number"": 170}","[11675, 8475, 89]"
fundamental,52 Week Low,952,0,0.0,integer|number,"{""integer"": 806, ""number"": 146}","[6287.984375, 5408.93017578125, 31]"
fundamental,Book Value (Quarter),952,297,31.2,string,"{""string"": 655}","[""62,367"", ""23,917"", ""25""]"
fundamental,Current Book Value Per Share,952,299,31.41,string,"{""string"": 653}","[""8,009.20"", ""12,426.62"", ""6.28""]"
fundamental,Tang. Book Value (Quarter),952,297,31.2,string,"{""string"": 655}","[""49,100"", ""23,861"", ""17""]"
fundamental,Current Tang. Book Value Per Share,952,299,31.41,string,"{""string"": 653}","[""6,305.48"", ""12,397.55"", ""4.37""]"
fundamental,Short-term Debt (Quarter),952,421,44.22,string,"{""string"": 531}","[""774"", ""0"", ""99""]"
fundamental,Long-term Debt (Quarter),952,402,42.23,string,"{""string"": 550}","[""13,893"", ""0"", ""11,183""]"
fundamental,Cash (Quarter),952,35,3.68,string,"{""string"": 917}","[""16,414"", ""4,704"", ""18""]"
fundamental,Total Assets (Quarter),952,297,31.2,string,"{""string"": 655}","[""103,761"", ""27,893"", ""231""]"
fundamental,Total Liabilities (Quarter),952,297,31.2,string,"{""string"": 655}","[""35,888"", ""3,360"", ""340""]"
fundamental,Current EPS (TTM),952,30,3.15,string,"{""string"": 922}","[""1,630.26"", ""814.72"", ""-6.52""]"
fundamental,EPS (Quarter YoY Growth),952,690,72.48,integer|number,"{""integer"": 17, ""number"": 245}","[-0.2701628923321414, 0.3478532721967487, 0.4482758620689655]"
fundamental,Revenue (TTM),952,27,2.84,string,"{""string"": 925}","[""85,981"", ""29,132"", ""165""]"
fundamental,Revenue (Quarter YoY Growth),952,355,37.29,integer|number,"{""integer"": 2, ""number"": 595}","[-0.1032644960611867, 0.06803141418353542, -0.4099244316780037]"
fundamental,Net Income (TTM),952,27,2.84,string,"{""string"": 925}","[""12,695"", ""1,568"", ""-26""]"
fundamental,EBIT (TTM),952,314,32.98,string,"{""string"": 638}","[""14,242"", ""1,878"", ""-22""]"
fundamental,Cash From Operations (TTM),952,48,5.04,string,"{""string"": 904}","[""10,373"", ""3,979"", ""-5""]"
fundamental,Cash From Investing (TTM),952,297,31.2,string,"{""string"": 655}","[""-6,584"", ""-738"", ""-2""]"
fundamental,Cash From Financing (TTM),952,299,31.41,string,"{""string"": 653}","[""-17,524"", ""-806"", ""9""]"
fundamental,Capital expenditure (TTM),952,316,33.19,string,"{""string"": 636}","[""-5,674"", ""-738"", ""-1""]"
fundamental,Free cash flow (TTM),952,36,3.78,string,"{""string"": 916}","[""1,106"", ""1,804"", ""10""]"
fundamental,Upcoming Dividend · Upcoming only · yfinance · Year,952,921,96.74,string,"{""string"": 31}","[""2026""]"
fundamental,Upcoming Dividend · Upcoming only · yfinance · Dividend (IDR),952,921,96.74,string,"{""string"": 31}","[""8.27"", ""41.50"", ""0.90""]"
fundamental,Upcoming Dividend · Upcoming only · yfinance · Payout Ratio (%),952,927,97.37,integer|number,"{""integer"": 3, ""number"": 22}","[0.1577, 0.4022, 1.6947999]"
fundamental,Upcoming Dividend · Upcoming only · yfinance · Dividend Yield (%),952,921,96.74,number,"{""number"": 31}","[0.01759574468085106, 0.03029197080291971, 0.018]"
fundamental,Upcoming Dividend · Upcoming only · yfinance · Ex Date,952,921,96.74,string,"{""string"": 31}","[""2026-06-12"", ""2026-06-15"", ""2026-06-17""]"
fundamental,Upcoming Dividend · Upcoming only · yfinance · Pay Date,952,952,100.0,,{},[]
fundamental,Latest Dividend · Historical latest · yfinance · Year,952,327,34.35,string,"{""string"": 625}","[""2025"", ""2026"", ""2022""]"
fundamental,Latest Dividend · Historical latest · yfinance · Dividend (IDR),952,327,34.35,string,"{""string"": 625}","[""538.08"", ""335.00"", ""81.51""]"
fundamental,Latest Dividend · Historical latest · yfinance · Payout Ratio (%),952,486,51.05,integer|number,"{""integer"": 181, ""number"": 285}","[0.35599998, 0.3768, 0]"
fundamental,Latest Dividend · Historical latest · yfinance · Dividend Yield (%),952,328,34.45,number,"{""number"": 624}","[0.06747084639498434, 0.05425101214574899, 0.02425799107142857]"
fundamental,Latest Dividend · Historical latest · yfinance · Ex Date,952,327,34.35,string,"{""string"": 625}","[""2025-11-18"", ""2026-04-24"", ""2022-06-07""]"
fundamental,Latest Dividend · Historical latest · yfinance · Pay Date,952,952,100.0,,{},[]
fundamental,Current PBV,952,952,100.0,,{},[]
fundamental,Mean PBV (3Y),952,952,100.0,,{},[]
fundamental,+2 SD,952,952,100.0,,{},[]
fundamental,+1 SD,952,952,100.0,,{},[]
fundamental,-1 SD,952,952,100.0,,{},[]
fundamental,-2 SD,952,952,100.0,,{},[]
fundamental,PBV Z-Score,952,952,100.0,,{},[]
fundamental,PBV Percentile,952,952,100.0,,{},[]
fundamental,PBV Regime,952,952,100.0,,{},[]
news,Ticker,952,0,0.0,string,"{""string"": 952}","[""AADI"", ""AALI"", ""ABBA""]"
news,Company,952,1,0.11,string,"{""string"": 951}","[""ADARO ANDALAN INDONESIA Tbk"", ""ASTRA AGRO LESTARI Tbk"", ""MAHAKA MEDIA Tbk""]"
news,Sector,952,44,4.62,string,"{""string"": 908}","[""IDXENERGY"", ""IDXNONCYC"", ""IDXCYCLIC""]"
news,Sentiment News,952,712,74.79,string,"{""string"": 240}","[""↑ Bullish  ·  Emiten Terafiliasi Boy Thohir, AADI Tetapkan Kurs Konversi Dividen, Nilainy…  [1d]"", ""↑ Bullish  ·  Pemegang Saham Aspirasi Hidup (ACES) Sepakati Tebar Dividen Rp 548 Miliar -…  [today]"", ""↓ Bearish  ·  BEI suspensi saham ADCP, apa kata manajemen? - IDNFinancials.com  [today]""]"
news,Sentiment,952,712,74.79,string,"{""string"": 240}","[""Bullish"", ""Bearish"", ""Neutral""]"
news,News URL,952,712,74.79,string,"{""string"": 240}","[""View →""]"
news,Corp. Action,952,952,100.0,,{},[]
news,Corp. Category,952,952,100.0,,{},[]
news,Event Risk,952,952,100.0,,{},[]
news,Corp. URL,952,952,100.0,,{},[]
processing,Ticker,956,0,0.0,string,"{""string"": 956}","[""AADI"", ""AALI"", ""ABBA""]"
processing,Status,956,0,0.0,string,"{""string"": 956}","[""OK"", ""PARTIAL DATA""]"
processing,Bars,956,0,0.0,integer,"{""integer"": 956}","[355, 6253, 5093]"
processing,Retry Count,956,0,0.0,integer,"{""integer"": 956}",[0]
processing,Source Used,956,0,0.0,string,"{""string"": 956}","[""Yahoo""]"
processing,Latest Market Day,956,0,0.0,string,"{""string"": 956}","[""2026-06-10 00:00:00"", ""2026-06-09 00:00:00""]"
processing,Reason,956,0,0.0,string,"{""string"": 956}","[""OK"", ""Insufficient bars (172 < 210)"", ""Insufficient bars (140 < 210)""]"
