date,schema_mode,file,workbook,ohlcv,signal_rows,signal_tickers,run_time
2025-01-02,historical_ohlcv_reconstruction,data/dates/2025-01-02/,,data/ohlcv/2026-06-11,125,118,2026-06-12T16:30:00+07:00
2025-01-03,historical_ohlcv_reconstruction,data/dates/2025-01-03/,,data/ohlcv/2026-06-11,136,128,2026-06-12T16:30:00+07:00
2025-01-06,historical_ohlcv_reconstruction,data/dates/2025-01-06/,,data/ohlcv/2026-06-11,136,127,2026-06-12T16:30:00+07:00
2025-01-07,historical_ohlcv_reconstruction,data/dates/2025-01-07/,,data/ohlcv/2026-06-11,125,113,2026-06-12T16:30:00+07:00
2025-01-08,historical_ohlcv_reconstruction,data/dates/2025-01-08/,,data/ohlcv/2026-06-11,127,116,2026-06-12T16:30:00+07:00
2025-01-09,historical_ohlcv_reconstruction,data/dates/2025-01-09/,,data/ohlcv/2026-06-11,115,107,2026-06-12T16:30:00+07:00
2025-01-10,historical_ohlcv_reconstruction,data/dates/2025-01-10/,,data/ohlcv/2026-06-11,120,113,2026-06-12T16:30:00+07:00
2025-01-13,historical_ohlcv_reconstruction,data/dates/2025-01-13/,,data/ohlcv/2026-06-11,125,115,2026-06-12T16:30:00+07:00
2025-01-14,historical_ohlcv_reconstruction,data/dates/2025-01-14/,,data/ohlcv/2026-06-11,137,127,2026-06-12T16:30:00+07:00
2025-01-15,historical_ohlcv_reconstruction,data/dates/2025-01-15/,,data/ohlcv/2026-06-11,146,133,2026-06-12T16:30:00+07:00
2025-01-16,historical_ohlcv_reconstruction,data/dates/2025-01-16/,,data/ohlcv/2026-06-11,110,105,2026-06-12T16:30:00+07:00
2025-01-17,historical_ohlcv_reconstruction,data/dates/2025-01-17/,,data/ohlcv/2026-06-11,112,102,2026-06-12T16:30:00+07:00
2025-01-20,historical_ohlcv_reconstruction,data/dates/2025-01-20/,,data/ohlcv/2026-06-11,141,130,2026-06-12T16:30:00+07:00
2025-01-21,historical_ohlcv_reconstruction,data/dates/2025-01-21/,,data/ohlcv/2026-06-11,103,98,2026-06-12T16:30:00+07:00
2025-01-22,historical_ohlcv_reconstruction,data/dates/2025-01-22/,,data/ohlcv/2026-06-11,111,104,2026-06-12T16:30:00+07:00
2025-01-23,historical_ohlcv_reconstruction,data/dates/2025-01-23/,,data/ohlcv/2026-06-11,100,96,2026-06-12T16:30:00+07:00
2025-01-24,historical_ohlcv_reconstruction,data/dates/2025-01-24/,,data/ohlcv/2026-06-11,90,87,2026-06-12T16:30:00+07:00
2025-01-30,historical_ohlcv_reconstruction,data/dates/2025-01-30/,,data/ohlcv/2026-06-11,111,105,2026-06-12T16:30:00+07:00
2025-01-31,historical_ohlcv_reconstruction,data/dates/2025-01-31/,,data/ohlcv/2026-06-11,102,95,2026-06-12T16:30:00+07:00
2025-02-03,historical_ohlcv_reconstruction,data/dates/2025-02-03/,,data/ohlcv/2026-06-11,135,129,2026-06-12T16:30:00+07:00
2025-02-04,historical_ohlcv_reconstruction,data/dates/2025-02-04/,,data/ohlcv/2026-06-11,114,104,2026-06-12T16:30:00+07:00
2025-02-05,historical_ohlcv_reconstruction,data/dates/2025-02-05/,,data/ohlcv/2026-06-11,107,101,2026-06-12T16:30:00+07:00
2025-02-06,historical_ohlcv_reconstruction,data/dates/2025-02-06/,,data/ohlcv/2026-06-11,143,137,2026-06-12T16:30:00+07:00
2025-02-07,historical_ohlcv_reconstruction,data/dates/2025-02-07/,,data/ohlcv/2026-06-11,155,150,2026-06-12T16:30:00+07:00
2025-02-10,historical_ohlcv_reconstruction,data/dates/2025-02-10/,,data/ohlcv/2026-06-11,127,123,2026-06-12T16:30:00+07:00
2025-02-11,historical_ohlcv_reconstruction,data/dates/2025-02-11/,,data/ohlcv/2026-06-11,141,134,2026-06-12T16:30:00+07:00
2025-02-12,historical_ohlcv_reconstruction,data/dates/2025-02-12/,,data/ohlcv/2026-06-11,132,124,2026-06-12T16:30:00+07:00
2025-02-13,historical_ohlcv_reconstruction,data/dates/2025-02-13/,,data/ohlcv/2026-06-11,109,100,2026-06-12T16:30:00+07:00
2025-02-14,historical_ohlcv_reconstruction,data/dates/2025-02-14/,,data/ohlcv/2026-06-11,128,122,2026-06-12T16:30:00+07:00
2025-02-17,historical_ohlcv_reconstruction,data/dates/2025-02-17/,,data/ohlcv/2026-06-11,166,153,2026-06-12T16:30:00+07:00
2025-02-18,historical_ohlcv_reconstruction,data/dates/2025-02-18/,,data/ohlcv/2026-06-11,172,158,2026-06-12T16:30:00+07:00
2025-02-19,historical_ohlcv_reconstruction,data/dates/2025-02-19/,,data/ohlcv/2026-06-11,111,104,2026-06-12T16:30:00+07:00
2025-02-20,historical_ohlcv_reconstruction,data/dates/2025-02-20/,,data/ohlcv/2026-06-11,137,124,2026-06-12T16:30:00+07:00
2025-02-21,historical_ohlcv_reconstruction,data/dates/2025-02-21/,,data/ohlcv/2026-06-11,119,112,2026-06-12T16:30:00+07:00
2025-02-24,historical_ohlcv_reconstruction,data/dates/2025-02-24/,,data/ohlcv/2026-06-11,132,116,2026-06-12T16:30:00+07:00
2025-02-25,historical_ohlcv_reconstruction,data/dates/2025-02-25/,,data/ohlcv/2026-06-11,118,113,2026-06-12T16:30:00+07:00
2025-02-26,historical_ohlcv_reconstruction,data/dates/2025-02-26/,,data/ohlcv/2026-06-11,144,134,2026-06-12T16:30:00+07:00
2025-02-27,historical_ohlcv_reconstruction,data/dates/2025-02-27/,,data/ohlcv/2026-06-11,121,115,2026-06-12T16:30:00+07:00
2025-02-28,historical_ohlcv_reconstruction,data/dates/2025-02-28/,,data/ohlcv/2026-06-11,156,152,2026-06-12T16:30:00+07:00
2025-03-03,historical_ohlcv_reconstruction,data/dates/2025-03-03/,,data/ohlcv/2026-06-11,149,142,2026-06-12T16:30:00+07:00
2025-03-04,historical_ohlcv_reconstruction,data/dates/2025-03-04/,,data/ohlcv/2026-06-11,102,98,2026-06-12T16:30:00+07:00
2025-03-05,historical_ohlcv_reconstruction,data/dates/2025-03-05/,,data/ohlcv/2026-06-11,144,130,2026-06-12T16:30:00+07:00
2025-03-06,historical_ohlcv_reconstruction,data/dates/2025-03-06/,,data/ohlcv/2026-06-11,163,148,2026-06-12T16:30:00+07:00
2025-03-07,historical_ohlcv_reconstruction,data/dates/2025-03-07/,,data/ohlcv/2026-06-11,134,124,2026-06-12T16:30:00+07:00
2025-03-10,historical_ohlcv_reconstruction,data/dates/2025-03-10/,,data/ohlcv/2026-06-11,107,101,2026-06-12T16:30:00+07:00
2025-03-11,historical_ohlcv_reconstruction,data/dates/2025-03-11/,,data/ohlcv/2026-06-11,106,95,2026-06-12T16:30:00+07:00
2025-03-12,historical_ohlcv_reconstruction,data/dates/2025-03-12/,,data/ohlcv/2026-06-11,130,116,2026-06-12T16:30:00+07:00
2025-03-13,historical_ohlcv_reconstruction,data/dates/2025-03-13/,,data/ohlcv/2026-06-11,106,102,2026-06-12T16:30:00+07:00
2025-03-14,historical_ohlcv_reconstruction,data/dates/2025-03-14/,,data/ohlcv/2026-06-11,103,93,2026-06-12T16:30:00+07:00
2025-03-17,historical_ohlcv_reconstruction,data/dates/2025-03-17/,,data/ohlcv/2026-06-11,123,111,2026-06-12T16:30:00+07:00
2025-03-18,historical_ohlcv_reconstruction,data/dates/2025-03-18/,,data/ohlcv/2026-06-11,226,218,2026-06-12T16:30:00+07:00
2025-03-19,historical_ohlcv_reconstruction,data/dates/2025-03-19/,,data/ohlcv/2026-06-11,109,105,2026-06-12T16:30:00+07:00
2025-03-20,historical_ohlcv_reconstruction,data/dates/2025-03-20/,,data/ohlcv/2026-06-11,112,104,2026-06-12T16:30:00+07:00
2025-03-21,historical_ohlcv_reconstruction,data/dates/2025-03-21/,,data/ohlcv/2026-06-11,99,98,2026-06-12T16:30:00+07:00
2025-03-24,historical_ohlcv_reconstruction,data/dates/2025-03-24/,,data/ohlcv/2026-06-11,159,154,2026-06-12T16:30:00+07:00
2025-03-25,historical_ohlcv_reconstruction,data/dates/2025-03-25/,,data/ohlcv/2026-06-11,113,107,2026-06-12T16:30:00+07:00
2025-03-26,historical_ohlcv_reconstruction,data/dates/2025-03-26/,,data/ohlcv/2026-06-11,170,157,2026-06-12T16:30:00+07:00
2025-03-27,historical_ohlcv_reconstruction,data/dates/2025-03-27/,,data/ohlcv/2026-06-11,136,127,2026-06-12T16:30:00+07:00
2025-04-08,historical_ohlcv_reconstruction,data/dates/2025-04-08/,,data/ohlcv/2026-06-11,195,191,2026-06-12T16:30:00+07:00
2025-04-09,historical_ohlcv_reconstruction,data/dates/2025-04-09/,,data/ohlcv/2026-06-11,95,92,2026-06-12T16:30:00+07:00
2025-04-10,historical_ohlcv_reconstruction,data/dates/2025-04-10/,,data/ohlcv/2026-06-11,113,110,2026-06-12T16:30:00+07:00
2025-04-11,historical_ohlcv_reconstruction,data/dates/2025-04-11/,,data/ohlcv/2026-06-11,118,113,2026-06-12T16:30:00+07:00
2025-04-14,historical_ohlcv_reconstruction,data/dates/2025-04-14/,,data/ohlcv/2026-06-11,161,150,2026-06-12T16:30:00+07:00
2025-04-15,historical_ohlcv_reconstruction,data/dates/2025-04-15/,,data/ohlcv/2026-06-11,119,115,2026-06-12T16:30:00+07:00
2025-04-16,historical_ohlcv_reconstruction,data/dates/2025-04-16/,,data/ohlcv/2026-06-11,100,96,2026-06-12T16:30:00+07:00
2025-04-17,historical_ohlcv_reconstruction,data/dates/2025-04-17/,,data/ohlcv/2026-06-11,104,99,2026-06-12T16:30:00+07:00
2025-04-21,historical_ohlcv_reconstruction,data/dates/2025-04-21/,,data/ohlcv/2026-06-11,93,89,2026-06-12T16:30:00+07:00
2025-04-22,historical_ohlcv_reconstruction,data/dates/2025-04-22/,,data/ohlcv/2026-06-11,103,92,2026-06-12T16:30:00+07:00
2025-04-23,historical_ohlcv_reconstruction,data/dates/2025-04-23/,,data/ohlcv/2026-06-11,119,110,2026-06-12T16:30:00+07:00
2025-04-24,historical_ohlcv_reconstruction,data/dates/2025-04-24/,,data/ohlcv/2026-06-11,111,93,2026-06-12T16:30:00+07:00
2025-04-25,historical_ohlcv_reconstruction,data/dates/2025-04-25/,,data/ohlcv/2026-06-11,102,94,2026-06-12T16:30:00+07:00
2025-04-28,historical_ohlcv_reconstruction,data/dates/2025-04-28/,,data/ohlcv/2026-06-11,130,116,2026-06-12T16:30:00+07:00
2025-04-29,historical_ohlcv_reconstruction,data/dates/2025-04-29/,,data/ohlcv/2026-06-11,139,126,2026-06-12T16:30:00+07:00
2025-04-30,historical_ohlcv_reconstruction,data/dates/2025-04-30/,,data/ohlcv/2026-06-11,122,113,2026-06-12T16:30:00+07:00
2025-05-02,historical_ohlcv_reconstruction,data/dates/2025-05-02/,,data/ohlcv/2026-06-11,123,109,2026-06-12T16:30:00+07:00
2025-05-05,historical_ohlcv_reconstruction,data/dates/2025-05-05/,,data/ohlcv/2026-06-11,126,117,2026-06-12T16:30:00+07:00
2025-05-06,historical_ohlcv_reconstruction,data/dates/2025-05-06/,,data/ohlcv/2026-06-11,137,126,2026-06-12T16:30:00+07:00
2025-05-07,historical_ohlcv_reconstruction,data/dates/2025-05-07/,,data/ohlcv/2026-06-11,132,119,2026-06-12T16:30:00+07:00
2025-05-08,historical_ohlcv_reconstruction,data/dates/2025-05-08/,,data/ohlcv/2026-06-11,123,112,2026-06-12T16:30:00+07:00
2025-05-09,historical_ohlcv_reconstruction,data/dates/2025-05-09/,,data/ohlcv/2026-06-11,91,85,2026-06-12T16:30:00+07:00
2025-05-14,historical_ohlcv_reconstruction,data/dates/2025-05-14/,,data/ohlcv/2026-06-11,167,151,2026-06-12T16:30:00+07:00
2025-05-15,historical_ohlcv_reconstruction,data/dates/2025-05-15/,,data/ohlcv/2026-06-11,154,137,2026-06-12T16:30:00+07:00
2025-05-16,historical_ohlcv_reconstruction,data/dates/2025-05-16/,,data/ohlcv/2026-06-11,145,132,2026-06-12T16:30:00+07:00
2025-05-19,historical_ohlcv_reconstruction,data/dates/2025-05-19/,,data/ohlcv/2026-06-11,194,182,2026-06-12T16:30:00+07:00
2025-05-20,historical_ohlcv_reconstruction,data/dates/2025-05-20/,,data/ohlcv/2026-06-11,150,134,2026-06-12T16:30:00+07:00
2025-05-21,historical_ohlcv_reconstruction,data/dates/2025-05-21/,,data/ohlcv/2026-06-11,154,140,2026-06-12T16:30:00+07:00
2025-05-22,historical_ohlcv_reconstruction,data/dates/2025-05-22/,,data/ohlcv/2026-06-11,134,120,2026-06-12T16:30:00+07:00
2025-05-23,historical_ohlcv_reconstruction,data/dates/2025-05-23/,,data/ohlcv/2026-06-11,92,88,2026-06-12T16:30:00+07:00
2025-05-26,historical_ohlcv_reconstruction,data/dates/2025-05-26/,,data/ohlcv/2026-06-11,111,103,2026-06-12T16:30:00+07:00
2025-05-27,historical_ohlcv_reconstruction,data/dates/2025-05-27/,,data/ohlcv/2026-06-11,128,122,2026-06-12T16:30:00+07:00
2025-05-28,historical_ohlcv_reconstruction,data/dates/2025-05-28/,,data/ohlcv/2026-06-11,111,106,2026-06-12T16:30:00+07:00
2025-06-02,historical_ohlcv_reconstruction,data/dates/2025-06-02/,,data/ohlcv/2026-06-11,119,115,2026-06-12T16:30:00+07:00
2025-06-03,historical_ohlcv_reconstruction,data/dates/2025-06-03/,,data/ohlcv/2026-06-11,120,109,2026-06-12T16:30:00+07:00
2025-06-04,historical_ohlcv_reconstruction,data/dates/2025-06-04/,,data/ohlcv/2026-06-11,156,143,2026-06-12T16:30:00+07:00
2025-06-05,historical_ohlcv_reconstruction,data/dates/2025-06-05/,,data/ohlcv/2026-06-11,129,116,2026-06-12T16:30:00+07:00
2025-06-10,historical_ohlcv_reconstruction,data/dates/2025-06-10/,,data/ohlcv/2026-06-11,187,167,2026-06-12T16:30:00+07:00
2025-06-11,historical_ohlcv_reconstruction,data/dates/2025-06-11/,,data/ohlcv/2026-06-11,148,137,2026-06-12T16:30:00+07:00
2025-06-12,historical_ohlcv_reconstruction,data/dates/2025-06-12/,,data/ohlcv/2026-06-11,170,157,2026-06-12T16:30:00+07:00
2025-06-13,historical_ohlcv_reconstruction,data/dates/2025-06-13/,,data/ohlcv/2026-06-11,140,128,2026-06-12T16:30:00+07:00
2025-06-16,historical_ohlcv_reconstruction,data/dates/2025-06-16/,,data/ohlcv/2026-06-11,144,134,2026-06-12T16:30:00+07:00
2025-06-17,historical_ohlcv_reconstruction,data/dates/2025-06-17/,,data/ohlcv/2026-06-11,125,115,2026-06-12T16:30:00+07:00
2025-06-18,historical_ohlcv_reconstruction,data/dates/2025-06-18/,,data/ohlcv/2026-06-11,110,105,2026-06-12T16:30:00+07:00
2025-06-19,historical_ohlcv_reconstruction,data/dates/2025-06-19/,,data/ohlcv/2026-06-11,118,114,2026-06-12T16:30:00+07:00
2025-06-20,historical_ohlcv_reconstruction,data/dates/2025-06-20/,,data/ohlcv/2026-06-11,108,102,2026-06-12T16:30:00+07:00
2025-06-23,historical_ohlcv_reconstruction,data/dates/2025-06-23/,,data/ohlcv/2026-06-11,154,146,2026-06-12T16:30:00+07:00
2025-06-24,historical_ohlcv_reconstruction,data/dates/2025-06-24/,,data/ohlcv/2026-06-11,106,97,2026-06-12T16:30:00+07:00
2025-06-25,historical_ohlcv_reconstruction,data/dates/2025-06-25/,,data/ohlcv/2026-06-11,100,93,2026-06-12T16:30:00+07:00
2025-06-26,historical_ohlcv_reconstruction,data/dates/2025-06-26/,,data/ohlcv/2026-06-11,113,111,2026-06-12T16:30:00+07:00
2025-06-30,historical_ohlcv_reconstruction,data/dates/2025-06-30/,,data/ohlcv/2026-06-11,118,112,2026-06-12T16:30:00+07:00
2025-07-01,historical_ohlcv_reconstruction,data/dates/2025-07-01/,,data/ohlcv/2026-06-11,114,109,2026-06-12T16:30:00+07:00
2025-07-02,historical_ohlcv_reconstruction,data/dates/2025-07-02/,,data/ohlcv/2026-06-11,103,92,2026-06-12T16:30:00+07:00
2025-07-03,historical_ohlcv_reconstruction,data/dates/2025-07-03/,,data/ohlcv/2026-06-11,122,116,2026-06-12T16:30:00+07:00
2025-07-04,historical_ohlcv_reconstruction,data/dates/2025-07-04/,,data/ohlcv/2026-06-11,118,107,2026-06-12T16:30:00+07:00
2025-07-07,historical_ohlcv_reconstruction,data/dates/2025-07-07/,,data/ohlcv/2026-06-11,103,94,2026-06-12T16:30:00+07:00
2025-07-08,historical_ohlcv_reconstruction,data/dates/2025-07-08/,,data/ohlcv/2026-06-11,147,132,2026-06-12T16:30:00+07:00
2025-07-09,historical_ohlcv_reconstruction,data/dates/2025-07-09/,,data/ohlcv/2026-06-11,150,139,2026-06-12T16:30:00+07:00
2025-07-10,historical_ohlcv_reconstruction,data/dates/2025-07-10/,,data/ohlcv/2026-06-11,169,145,2026-06-12T16:30:00+07:00
2025-07-11,historical_ohlcv_reconstruction,data/dates/2025-07-11/,,data/ohlcv/2026-06-11,158,143,2026-06-12T16:30:00+07:00
2025-07-14,historical_ohlcv_reconstruction,data/dates/2025-07-14/,,data/ohlcv/2026-06-11,137,116,2026-06-12T16:30:00+07:00
2025-07-15,historical_ohlcv_reconstruction,data/dates/2025-07-15/,,data/ohlcv/2026-06-11,121,109,2026-06-12T16:30:00+07:00
2025-07-16,historical_ohlcv_reconstruction,data/dates/2025-07-16/,,data/ohlcv/2026-06-11,159,146,2026-06-12T16:30:00+07:00
2025-07-17,historical_ohlcv_reconstruction,data/dates/2025-07-17/,,data/ohlcv/2026-06-11,177,160,2026-06-12T16:30:00+07:00
2025-07-18,historical_ohlcv_reconstruction,data/dates/2025-07-18/,,data/ohlcv/2026-06-11,167,153,2026-06-12T16:30:00+07:00
2025-07-21,historical_ohlcv_reconstruction,data/dates/2025-07-21/,,data/ohlcv/2026-06-11,180,162,2026-06-12T16:30:00+07:00
2025-07-22,historical_ohlcv_reconstruction,data/dates/2025-07-22/,,data/ohlcv/2026-06-11,117,105,2026-06-12T16:30:00+07:00
2025-07-23,historical_ohlcv_reconstruction,data/dates/2025-07-23/,,data/ohlcv/2026-06-11,161,146,2026-06-12T16:30:00+07:00
2025-07-24,historical_ohlcv_reconstruction,data/dates/2025-07-24/,,data/ohlcv/2026-06-11,150,136,2026-06-12T16:30:00+07:00
2025-07-25,historical_ohlcv_reconstruction,data/dates/2025-07-25/,,data/ohlcv/2026-06-11,121,109,2026-06-12T16:30:00+07:00
2025-07-28,historical_ohlcv_reconstruction,data/dates/2025-07-28/,,data/ohlcv/2026-06-11,181,167,2026-06-12T16:30:00+07:00
2025-07-29,historical_ohlcv_reconstruction,data/dates/2025-07-29/,,data/ohlcv/2026-06-11,195,178,2026-06-12T16:30:00+07:00
2025-07-30,historical_ohlcv_reconstruction,data/dates/2025-07-30/,,data/ohlcv/2026-06-11,206,191,2026-06-12T16:30:00+07:00
2025-07-31,historical_ohlcv_reconstruction,data/dates/2025-07-31/,,data/ohlcv/2026-06-11,176,156,2026-06-12T16:30:00+07:00
2025-08-01,historical_ohlcv_reconstruction,data/dates/2025-08-01/,,data/ohlcv/2026-06-11,180,167,2026-06-12T16:30:00+07:00
2025-08-04,historical_ohlcv_reconstruction,data/dates/2025-08-04/,,data/ohlcv/2026-06-11,194,172,2026-06-12T16:30:00+07:00
2025-08-05,historical_ohlcv_reconstruction,data/dates/2025-08-05/,,data/ohlcv/2026-06-11,147,138,2026-06-12T16:30:00+07:00
2025-08-06,historical_ohlcv_reconstruction,data/dates/2025-08-06/,,data/ohlcv/2026-06-11,159,149,2026-06-12T16:30:00+07:00
2025-08-07,historical_ohlcv_reconstruction,data/dates/2025-08-07/,,data/ohlcv/2026-06-11,152,143,2026-06-12T16:30:00+07:00
2025-08-08,historical_ohlcv_reconstruction,data/dates/2025-08-08/,,data/ohlcv/2026-06-11,142,132,2026-06-12T16:30:00+07:00
2025-08-11,historical_ohlcv_reconstruction,data/dates/2025-08-11/,,data/ohlcv/2026-06-11,168,156,2026-06-12T16:30:00+07:00
2025-08-12,historical_ohlcv_reconstruction,data/dates/2025-08-12/,,data/ohlcv/2026-06-11,198,180,2026-06-12T16:30:00+07:00
2025-08-13,historical_ohlcv_reconstruction,data/dates/2025-08-13/,,data/ohlcv/2026-06-11,183,161,2026-06-12T16:30:00+07:00
2025-08-14,historical_ohlcv_reconstruction,data/dates/2025-08-14/,,data/ohlcv/2026-06-11,199,181,2026-06-12T16:30:00+07:00
2025-08-15,historical_ohlcv_reconstruction,data/dates/2025-08-15/,,data/ohlcv/2026-06-11,129,120,2026-06-12T16:30:00+07:00
2025-08-19,historical_ohlcv_reconstruction,data/dates/2025-08-19/,,data/ohlcv/2026-06-11,193,184,2026-06-12T16:30:00+07:00
2025-08-20,historical_ohlcv_reconstruction,data/dates/2025-08-20/,,data/ohlcv/2026-06-11,216,191,2026-06-12T16:30:00+07:00
2025-08-21,historical_ohlcv_reconstruction,data/dates/2025-08-21/,,data/ohlcv/2026-06-11,173,162,2026-06-12T16:30:00+07:00
2025-08-22,historical_ohlcv_reconstruction,data/dates/2025-08-22/,,data/ohlcv/2026-06-11,185,174,2026-06-12T16:30:00+07:00
2025-08-25,historical_ohlcv_reconstruction,data/dates/2025-08-25/,,data/ohlcv/2026-06-11,211,201,2026-06-12T16:30:00+07:00
2025-08-26,historical_ohlcv_reconstruction,data/dates/2025-08-26/,,data/ohlcv/2026-06-11,159,151,2026-06-12T16:30:00+07:00
2025-08-27,historical_ohlcv_reconstruction,data/dates/2025-08-27/,,data/ohlcv/2026-06-11,170,161,2026-06-12T16:30:00+07:00
2025-08-28,historical_ohlcv_reconstruction,data/dates/2025-08-28/,,data/ohlcv/2026-06-11,197,185,2026-06-12T16:30:00+07:00
2025-08-29,historical_ohlcv_reconstruction,data/dates/2025-08-29/,,data/ohlcv/2026-06-11,150,147,2026-06-12T16:30:00+07:00
2025-09-01,historical_ohlcv_reconstruction,data/dates/2025-09-01/,,data/ohlcv/2026-06-11,204,192,2026-06-12T16:30:00+07:00
2025-09-02,historical_ohlcv_reconstruction,data/dates/2025-09-02/,,data/ohlcv/2026-06-11,169,157,2026-06-12T16:30:00+07:00
2025-09-03,historical_ohlcv_reconstruction,data/dates/2025-09-03/,,data/ohlcv/2026-06-11,153,142,2026-06-12T16:30:00+07:00
2025-09-04,historical_ohlcv_reconstruction,data/dates/2025-09-04/,,data/ohlcv/2026-06-11,116,107,2026-06-12T16:30:00+07:00
2025-09-08,historical_ohlcv_reconstruction,data/dates/2025-09-08/,,data/ohlcv/2026-06-11,115,110,2026-06-12T16:30:00+07:00
2025-09-09,historical_ohlcv_reconstruction,data/dates/2025-09-09/,,data/ohlcv/2026-06-11,140,133,2026-06-12T16:30:00+07:00
2025-09-10,historical_ohlcv_reconstruction,data/dates/2025-09-10/,,data/ohlcv/2026-06-11,118,110,2026-06-12T16:30:00+07:00
2025-09-11,historical_ohlcv_reconstruction,data/dates/2025-09-11/,,data/ohlcv/2026-06-11,152,143,2026-06-12T16:30:00+07:00
2025-09-12,historical_ohlcv_reconstruction,data/dates/2025-09-12/,,data/ohlcv/2026-06-11,179,159,2026-06-12T16:30:00+07:00
2025-09-15,historical_ohlcv_reconstruction,data/dates/2025-09-15/,,data/ohlcv/2026-06-11,194,180,2026-06-12T16:30:00+07:00
2025-09-16,historical_ohlcv_reconstruction,data/dates/2025-09-16/,,data/ohlcv/2026-06-11,164,153,2026-06-12T16:30:00+07:00
2025-09-17,historical_ohlcv_reconstruction,data/dates/2025-09-17/,,data/ohlcv/2026-06-11,173,161,2026-06-12T16:30:00+07:00
2025-09-18,historical_ohlcv_reconstruction,data/dates/2025-09-18/,,data/ohlcv/2026-06-11,148,139,2026-06-12T16:30:00+07:00
2025-09-19,historical_ohlcv_reconstruction,data/dates/2025-09-19/,,data/ohlcv/2026-06-11,156,144,2026-06-12T16:30:00+07:00
2025-09-22,historical_ohlcv_reconstruction,data/dates/2025-09-22/,,data/ohlcv/2026-06-11,173,157,2026-06-12T16:30:00+07:00
2025-09-23,historical_ohlcv_reconstruction,data/dates/2025-09-23/,,data/ohlcv/2026-06-11,167,161,2026-06-12T16:30:00+07:00
2025-09-24,historical_ohlcv_reconstruction,data/dates/2025-09-24/,,data/ohlcv/2026-06-11,136,127,2026-06-12T16:30:00+07:00
2025-09-25,historical_ohlcv_reconstruction,data/dates/2025-09-25/,,data/ohlcv/2026-06-11,126,116,2026-06-12T16:30:00+07:00
2025-09-26,historical_ohlcv_reconstruction,data/dates/2025-09-26/,,data/ohlcv/2026-06-11,134,128,2026-06-12T16:30:00+07:00
2025-09-29,historical_ohlcv_reconstruction,data/dates/2025-09-29/,,data/ohlcv/2026-06-11,146,132,2026-06-12T16:30:00+07:00
2025-09-30,historical_ohlcv_reconstruction,data/dates/2025-09-30/,,data/ohlcv/2026-06-11,135,120,2026-06-12T16:30:00+07:00
2025-10-01,historical_ohlcv_reconstruction,data/dates/2025-10-01/,,data/ohlcv/2026-06-11,136,125,2026-06-12T16:30:00+07:00
2025-10-02,historical_ohlcv_reconstruction,data/dates/2025-10-02/,,data/ohlcv/2026-06-11,129,122,2026-06-12T16:30:00+07:00
2025-10-03,historical_ohlcv_reconstruction,data/dates/2025-10-03/,,data/ohlcv/2026-06-11,127,119,2026-06-12T16:30:00+07:00
2025-10-06,historical_ohlcv_reconstruction,data/dates/2025-10-06/,,data/ohlcv/2026-06-11,160,146,2026-06-12T16:30:00+07:00
2025-10-07,historical_ohlcv_reconstruction,data/dates/2025-10-07/,,data/ohlcv/2026-06-11,150,139,2026-06-12T16:30:00+07:00
2025-10-08,historical_ohlcv_reconstruction,data/dates/2025-10-08/,,data/ohlcv/2026-06-11,170,156,2026-06-12T16:30:00+07:00
2025-10-09,historical_ohlcv_reconstruction,data/dates/2025-10-09/,,data/ohlcv/2026-06-11,138,126,2026-06-12T16:30:00+07:00
2025-10-10,historical_ohlcv_reconstruction,data/dates/2025-10-10/,,data/ohlcv/2026-06-11,142,130,2026-06-12T16:30:00+07:00
2025-10-13,historical_ohlcv_reconstruction,data/dates/2025-10-13/,,data/ohlcv/2026-06-11,144,129,2026-06-12T16:30:00+07:00
2025-10-14,historical_ohlcv_reconstruction,data/dates/2025-10-14/,,data/ohlcv/2026-06-11,108,102,2026-06-12T16:30:00+07:00
2025-10-15,historical_ohlcv_reconstruction,data/dates/2025-10-15/,,data/ohlcv/2026-06-11,120,114,2026-06-12T16:30:00+07:00
2025-10-16,historical_ohlcv_reconstruction,data/dates/2025-10-16/,,data/ohlcv/2026-06-11,111,106,2026-06-12T16:30:00+07:00
2025-10-17,historical_ohlcv_reconstruction,data/dates/2025-10-17/,,data/ohlcv/2026-06-11,83,77,2026-06-12T16:30:00+07:00
2025-10-20,historical_ohlcv_reconstruction,data/dates/2025-10-20/,,data/ohlcv/2026-06-11,129,123,2026-06-12T16:30:00+07:00
2025-10-21,historical_ohlcv_reconstruction,data/dates/2025-10-21/,,data/ohlcv/2026-06-11,114,104,2026-06-12T16:30:00+07:00
2025-10-22,historical_ohlcv_reconstruction,data/dates/2025-10-22/,,data/ohlcv/2026-06-11,142,135,2026-06-12T16:30:00+07:00
2025-10-23,historical_ohlcv_reconstruction,data/dates/2025-10-23/,,data/ohlcv/2026-06-11,147,138,2026-06-12T16:30:00+07:00
2025-10-24,historical_ohlcv_reconstruction,data/dates/2025-10-24/,,data/ohlcv/2026-06-11,112,107,2026-06-12T16:30:00+07:00
2025-10-27,historical_ohlcv_reconstruction,data/dates/2025-10-27/,,data/ohlcv/2026-06-11,120,107,2026-06-12T16:30:00+07:00
2025-10-28,historical_ohlcv_reconstruction,data/dates/2025-10-28/,,data/ohlcv/2026-06-11,106,101,2026-06-12T16:30:00+07:00
2025-10-29,historical_ohlcv_reconstruction,data/dates/2025-10-29/,,data/ohlcv/2026-06-11,118,108,2026-06-12T16:30:00+07:00
2025-10-30,historical_ohlcv_reconstruction,data/dates/2025-10-30/,,data/ohlcv/2026-06-11,135,126,2026-06-12T16:30:00+07:00
2025-10-31,historical_ohlcv_reconstruction,data/dates/2025-10-31/,,data/ohlcv/2026-06-11,113,103,2026-06-12T16:30:00+07:00
2025-11-03,historical_ohlcv_reconstruction,data/dates/2025-11-03/,,data/ohlcv/2026-06-11,109,99,2026-06-12T16:30:00+07:00
2025-11-04,historical_ohlcv_reconstruction,data/dates/2025-11-04/,,data/ohlcv/2026-06-11,100,91,2026-06-12T16:30:00+07:00
2025-11-05,historical_ohlcv_reconstruction,data/dates/2025-11-05/,,data/ohlcv/2026-06-11,107,97,2026-06-12T16:30:00+07:00
2025-11-06,historical_ohlcv_reconstruction,data/dates/2025-11-06/,,data/ohlcv/2026-06-11,125,116,2026-06-12T16:30:00+07:00
2025-11-07,historical_ohlcv_reconstruction,data/dates/2025-11-07/,,data/ohlcv/2026-06-11,113,106,2026-06-12T16:30:00+07:00
2025-11-10,historical_ohlcv_reconstruction,data/dates/2025-11-10/,,data/ohlcv/2026-06-11,157,141,2026-06-12T16:30:00+07:00
2025-11-11,historical_ohlcv_reconstruction,data/dates/2025-11-11/,,data/ohlcv/2026-06-11,134,118,2026-06-12T16:30:00+07:00
2025-11-12,historical_ohlcv_reconstruction,data/dates/2025-11-12/,,data/ohlcv/2026-06-11,127,120,2026-06-12T16:30:00+07:00
2025-11-13,historical_ohlcv_reconstruction,data/dates/2025-11-13/,,data/ohlcv/2026-06-11,140,122,2026-06-12T16:30:00+07:00
2025-11-14,historical_ohlcv_reconstruction,data/dates/2025-11-14/,,data/ohlcv/2026-06-11,104,96,2026-06-12T16:30:00+07:00
2025-11-17,historical_ohlcv_reconstruction,data/dates/2025-11-17/,,data/ohlcv/2026-06-11,150,137,2026-06-12T16:30:00+07:00
2025-11-18,historical_ohlcv_reconstruction,data/dates/2025-11-18/,,data/ohlcv/2026-06-11,104,95,2026-06-12T16:30:00+07:00
2025-11-19,historical_ohlcv_reconstruction,data/dates/2025-11-19/,,data/ohlcv/2026-06-11,125,119,2026-06-12T16:30:00+07:00
2025-11-20,historical_ohlcv_reconstruction,data/dates/2025-11-20/,,data/ohlcv/2026-06-11,133,118,2026-06-12T16:30:00+07:00
2025-11-21,historical_ohlcv_reconstruction,data/dates/2025-11-21/,,data/ohlcv/2026-06-11,134,118,2026-06-12T16:30:00+07:00
2025-11-24,historical_ohlcv_reconstruction,data/dates/2025-11-24/,,data/ohlcv/2026-06-11,172,156,2026-06-12T16:30:00+07:00
2025-11-25,historical_ohlcv_reconstruction,data/dates/2025-11-25/,,data/ohlcv/2026-06-11,157,144,2026-06-12T16:30:00+07:00
2025-11-26,historical_ohlcv_reconstruction,data/dates/2025-11-26/,,data/ohlcv/2026-06-11,142,133,2026-06-12T16:30:00+07:00
2025-11-27,historical_ohlcv_reconstruction,data/dates/2025-11-27/,,data/ohlcv/2026-06-11,140,129,2026-06-12T16:30:00+07:00
2025-11-28,historical_ohlcv_reconstruction,data/dates/2025-11-28/,,data/ohlcv/2026-06-11,148,131,2026-06-12T16:30:00+07:00
2025-12-01,historical_ohlcv_reconstruction,data/dates/2025-12-01/,,data/ohlcv/2026-06-11,178,160,2026-06-12T16:30:00+07:00
2025-12-02,historical_ohlcv_reconstruction,data/dates/2025-12-02/,,data/ohlcv/2026-06-11,181,169,2026-06-12T16:30:00+07:00
2025-12-03,historical_ohlcv_reconstruction,data/dates/2025-12-03/,,data/ohlcv/2026-06-11,148,140,2026-06-12T16:30:00+07:00
2025-12-04,historical_ohlcv_reconstruction,data/dates/2025-12-04/,,data/ohlcv/2026-06-11,199,177,2026-06-12T16:30:00+07:00
2025-12-05,historical_ohlcv_reconstruction,data/dates/2025-12-05/,,data/ohlcv/2026-06-11,164,149,2026-06-12T16:30:00+07:00
2025-12-08,historical_ohlcv_reconstruction,data/dates/2025-12-08/,,data/ohlcv/2026-06-11,199,182,2026-06-12T16:30:00+07:00
2025-12-09,historical_ohlcv_reconstruction,data/dates/2025-12-09/,,data/ohlcv/2026-06-11,153,143,2026-06-12T16:30:00+07:00
2025-12-10,historical_ohlcv_reconstruction,data/dates/2025-12-10/,,data/ohlcv/2026-06-11,165,154,2026-06-12T16:30:00+07:00
2025-12-11,historical_ohlcv_reconstruction,data/dates/2025-12-11/,,data/ohlcv/2026-06-11,155,148,2026-06-12T16:30:00+07:00
2025-12-12,historical_ohlcv_reconstruction,data/dates/2025-12-12/,,data/ohlcv/2026-06-11,146,136,2026-06-12T16:30:00+07:00
2025-12-15,historical_ohlcv_reconstruction,data/dates/2025-12-15/,,data/ohlcv/2026-06-11,171,156,2026-06-12T16:30:00+07:00
2025-12-16,historical_ohlcv_reconstruction,data/dates/2025-12-16/,,data/ohlcv/2026-06-11,149,136,2026-06-12T16:30:00+07:00
2025-12-17,historical_ohlcv_reconstruction,data/dates/2025-12-17/,,data/ohlcv/2026-06-11,152,141,2026-06-12T16:30:00+07:00
2025-12-18,historical_ohlcv_reconstruction,data/dates/2025-12-18/,,data/ohlcv/2026-06-11,127,120,2026-06-12T16:30:00+07:00
2025-12-19,historical_ohlcv_reconstruction,data/dates/2025-12-19/,,data/ohlcv/2026-06-11,115,103,2026-06-12T16:30:00+07:00
2025-12-22,historical_ohlcv_reconstruction,data/dates/2025-12-22/,,data/ohlcv/2026-06-11,133,124,2026-06-12T16:30:00+07:00
2025-12-23,historical_ohlcv_reconstruction,data/dates/2025-12-23/,,data/ohlcv/2026-06-11,123,117,2026-06-12T16:30:00+07:00
2025-12-24,historical_ohlcv_reconstruction,data/dates/2025-12-24/,,data/ohlcv/2026-06-11,99,93,2026-06-12T16:30:00+07:00
2025-12-29,historical_ohlcv_reconstruction,data/dates/2025-12-29/,,data/ohlcv/2026-06-11,187,172,2026-06-12T16:30:00+07:00
2025-12-30,historical_ohlcv_reconstruction,data/dates/2025-12-30/,,data/ohlcv/2026-06-11,146,133,2026-06-12T16:30:00+07:00
2026-01-02,historical_ohlcv_reconstruction,data/dates/2026-01-02/,,data/ohlcv/2026-06-11,192,173,2026-06-12T16:30:00+07:00
2026-01-05,historical_ohlcv_reconstruction,data/dates/2026-01-05/,,data/ohlcv/2026-06-11,242,218,2026-06-12T16:30:00+07:00
2026-01-06,historical_ohlcv_reconstruction,data/dates/2026-01-06/,,data/ohlcv/2026-06-11,226,200,2026-06-12T16:30:00+07:00
2026-01-07,historical_ohlcv_reconstruction,data/dates/2026-01-07/,,data/ohlcv/2026-06-11,194,172,2026-06-12T16:30:00+07:00
2026-01-08,historical_ohlcv_reconstruction,data/dates/2026-01-08/,,data/ohlcv/2026-06-11,166,152,2026-06-12T16:30:00+07:00
2026-01-09,historical_ohlcv_reconstruction,data/dates/2026-01-09/,,data/ohlcv/2026-06-11,172,165,2026-06-12T16:30:00+07:00
2026-01-12,historical_ohlcv_reconstruction,data/dates/2026-01-12/,,data/ohlcv/2026-06-11,172,163,2026-06-12T16:30:00+07:00
2026-01-13,historical_ohlcv_reconstruction,data/dates/2026-01-13/,,data/ohlcv/2026-06-11,155,144,2026-06-12T16:30:00+07:00
2026-01-14,historical_ohlcv_reconstruction,data/dates/2026-01-14/,,data/ohlcv/2026-06-11,185,174,2026-06-12T16:30:00+07:00
2026-01-15,historical_ohlcv_reconstruction,data/dates/2026-01-15/,,data/ohlcv/2026-06-11,147,136,2026-06-12T16:30:00+07:00
2026-01-19,historical_ohlcv_reconstruction,data/dates/2026-01-19/,,data/ohlcv/2026-06-11,181,166,2026-06-12T16:30:00+07:00
2026-01-20,historical_ohlcv_reconstruction,data/dates/2026-01-20/,,data/ohlcv/2026-06-11,150,139,2026-06-12T16:30:00+07:00
2026-01-21,historical_ohlcv_reconstruction,data/dates/2026-01-21/,,data/ohlcv/2026-06-11,135,124,2026-06-12T16:30:00+07:00
2026-01-22,historical_ohlcv_reconstruction,data/dates/2026-01-22/,,data/ohlcv/2026-06-11,128,120,2026-06-12T16:30:00+07:00
2026-01-23,historical_ohlcv_reconstruction,data/dates/2026-01-23/,,data/ohlcv/2026-06-11,108,101,2026-06-12T16:30:00+07:00
2026-01-26,historical_ohlcv_reconstruction,data/dates/2026-01-26/,,data/ohlcv/2026-06-11,115,106,2026-06-12T16:30:00+07:00
2026-01-27,historical_ohlcv_reconstruction,data/dates/2026-01-27/,,data/ohlcv/2026-06-11,106,98,2026-06-12T16:30:00+07:00
2026-01-28,historical_ohlcv_reconstruction,data/dates/2026-01-28/,,data/ohlcv/2026-06-11,212,209,2026-06-12T16:30:00+07:00
2026-01-29,historical_ohlcv_reconstruction,data/dates/2026-01-29/,,data/ohlcv/2026-06-11,355,337,2026-06-12T16:30:00+07:00
2026-01-30,historical_ohlcv_reconstruction,data/dates/2026-01-30/,,data/ohlcv/2026-06-11,70,68,2026-06-12T16:30:00+07:00
2026-02-02,historical_ohlcv_reconstruction,data/dates/2026-02-02/,,data/ohlcv/2026-06-11,44,42,2026-06-12T16:30:00+07:00
2026-02-03,historical_ohlcv_reconstruction,data/dates/2026-02-03/,,data/ohlcv/2026-06-11,95,93,2026-06-12T16:30:00+07:00
2026-02-04,historical_ohlcv_reconstruction,data/dates/2026-02-04/,,data/ohlcv/2026-06-11,42,38,2026-06-12T16:30:00+07:00
2026-02-05,historical_ohlcv_reconstruction,data/dates/2026-02-05/,,data/ohlcv/2026-06-11,71,65,2026-06-12T16:30:00+07:00
2026-02-06,historical_ohlcv_reconstruction,data/dates/2026-02-06/,,data/ohlcv/2026-06-11,56,49,2026-06-12T16:30:00+07:00
2026-02-09,historical_ohlcv_reconstruction,data/dates/2026-02-09/,,data/ohlcv/2026-06-11,72,69,2026-06-12T16:30:00+07:00
2026-02-10,historical_ohlcv_reconstruction,data/dates/2026-02-10/,,data/ohlcv/2026-06-11,99,94,2026-06-12T16:30:00+07:00
2026-02-11,historical_ohlcv_reconstruction,data/dates/2026-02-11/,,data/ohlcv/2026-06-11,127,119,2026-06-12T16:30:00+07:00
2026-02-12,historical_ohlcv_reconstruction,data/dates/2026-02-12/,,data/ohlcv/2026-06-11,155,142,2026-06-12T16:30:00+07:00
2026-02-13,historical_ohlcv_reconstruction,data/dates/2026-02-13/,,data/ohlcv/2026-06-11,131,118,2026-06-12T16:30:00+07:00
2026-02-18,historical_ohlcv_reconstruction,data/dates/2026-02-18/,,data/ohlcv/2026-06-11,192,171,2026-06-12T16:30:00+07:00
2026-02-19,historical_ohlcv_reconstruction,data/dates/2026-02-19/,,data/ohlcv/2026-06-11,164,150,2026-06-12T16:30:00+07:00
2026-02-20,historical_ohlcv_reconstruction,data/dates/2026-02-20/,,data/ohlcv/2026-06-11,133,118,2026-06-12T16:30:00+07:00
2026-02-23,historical_ohlcv_reconstruction,data/dates/2026-02-23/,,data/ohlcv/2026-06-11,160,147,2026-06-12T16:30:00+07:00
2026-02-24,historical_ohlcv_reconstruction,data/dates/2026-02-24/,,data/ohlcv/2026-06-11,72,69,2026-06-12T16:30:00+07:00
2026-02-25,historical_ohlcv_reconstruction,data/dates/2026-02-25/,,data/ohlcv/2026-06-11,109,102,2026-06-12T16:30:00+07:00
2026-02-26,historical_ohlcv_reconstruction,data/dates/2026-02-26/,,data/ohlcv/2026-06-11,88,84,2026-06-12T16:30:00+07:00
2026-02-27,historical_ohlcv_reconstruction,data/dates/2026-02-27/,,data/ohlcv/2026-06-11,92,86,2026-06-12T16:30:00+07:00
2026-03-02,historical_ohlcv_reconstruction,data/dates/2026-03-02/,,data/ohlcv/2026-06-11,97,89,2026-06-12T16:30:00+07:00
2026-03-03,historical_ohlcv_reconstruction,data/dates/2026-03-03/,,data/ohlcv/2026-06-11,99,95,2026-06-12T16:30:00+07:00
2026-03-04,historical_ohlcv_reconstruction,data/dates/2026-03-04/,,data/ohlcv/2026-06-11,165,162,2026-06-12T16:30:00+07:00
2026-03-05,historical_ohlcv_reconstruction,data/dates/2026-03-05/,,data/ohlcv/2026-06-11,88,83,2026-06-12T16:30:00+07:00
2026-03-06,historical_ohlcv_reconstruction,data/dates/2026-03-06/,,data/ohlcv/2026-06-11,88,84,2026-06-12T16:30:00+07:00
2026-03-09,historical_ohlcv_reconstruction,data/dates/2026-03-09/,,data/ohlcv/2026-06-11,197,191,2026-06-12T16:30:00+07:00
2026-03-10,historical_ohlcv_reconstruction,data/dates/2026-03-10/,,data/ohlcv/2026-06-11,66,64,2026-06-12T16:30:00+07:00
2026-03-11,historical_ohlcv_reconstruction,data/dates/2026-03-11/,,data/ohlcv/2026-06-11,62,61,2026-06-12T16:30:00+07:00
2026-03-12,historical_ohlcv_reconstruction,data/dates/2026-03-12/,,data/ohlcv/2026-06-11,73,67,2026-06-12T16:30:00+07:00
2026-03-13,historical_ohlcv_reconstruction,data/dates/2026-03-13/,,data/ohlcv/2026-06-11,67,65,2026-06-12T16:30:00+07:00
2026-03-16,historical_ohlcv_reconstruction,data/dates/2026-03-16/,,data/ohlcv/2026-06-11,80,75,2026-06-12T16:30:00+07:00
2026-03-17,historical_ohlcv_reconstruction,data/dates/2026-03-17/,,data/ohlcv/2026-06-11,86,81,2026-06-12T16:30:00+07:00
2026-03-25,historical_ohlcv_reconstruction,data/dates/2026-03-25/,,data/ohlcv/2026-06-11,127,117,2026-06-12T16:30:00+07:00
2026-03-26,historical_ohlcv_reconstruction,data/dates/2026-03-26/,,data/ohlcv/2026-06-11,127,122,2026-06-12T16:30:00+07:00
2026-03-27,historical_ohlcv_reconstruction,data/dates/2026-03-27/,,data/ohlcv/2026-06-11,118,115,2026-06-12T16:30:00+07:00
2026-03-30,historical_ohlcv_reconstruction,data/dates/2026-03-30/,,data/ohlcv/2026-06-11,141,134,2026-06-12T16:30:00+07:00
2026-03-31,historical_ohlcv_reconstruction,data/dates/2026-03-31/,,data/ohlcv/2026-06-11,126,119,2026-06-12T16:30:00+07:00
2026-04-01,historical_ohlcv_reconstruction,data/dates/2026-04-01/,,data/ohlcv/2026-06-11,156,148,2026-06-12T16:30:00+07:00
2026-04-02,historical_ohlcv_reconstruction,data/dates/2026-04-02/,,data/ohlcv/2026-06-11,93,90,2026-06-12T16:30:00+07:00
2026-04-06,historical_ohlcv_reconstruction,data/dates/2026-04-06/,,data/ohlcv/2026-06-11,77,75,2026-06-12T16:30:00+07:00
2026-04-07,historical_ohlcv_reconstruction,data/dates/2026-04-07/,,data/ohlcv/2026-06-11,59,54,2026-06-12T16:30:00+07:00
2026-04-08,historical_ohlcv_reconstruction,data/dates/2026-04-08/,,data/ohlcv/2026-06-11,132,121,2026-06-12T16:30:00+07:00
2026-04-09,historical_ohlcv_reconstruction,data/dates/2026-04-09/,,data/ohlcv/2026-06-11,81,79,2026-06-12T16:30:00+07:00
2026-04-10,historical_ohlcv_reconstruction,data/dates/2026-04-10/,,data/ohlcv/2026-06-11,108,98,2026-06-12T16:30:00+07:00
2026-04-13,historical_ohlcv_reconstruction,data/dates/2026-04-13/,,data/ohlcv/2026-06-11,86,76,2026-06-12T16:30:00+07:00
2026-04-14,historical_ohlcv_reconstruction,data/dates/2026-04-14/,,data/ohlcv/2026-06-11,121,108,2026-06-12T16:30:00+07:00
2026-04-15,historical_ohlcv_reconstruction,data/dates/2026-04-15/,,data/ohlcv/2026-06-11,100,90,2026-06-12T16:30:00+07:00
2026-04-16,historical_ohlcv_reconstruction,data/dates/2026-04-16/,,data/ohlcv/2026-06-11,77,72,2026-06-12T16:30:00+07:00
2026-04-17,historical_ohlcv_reconstruction,data/dates/2026-04-17/,,data/ohlcv/2026-06-11,75,67,2026-06-12T16:30:00+07:00
2026-04-20,historical_ohlcv_reconstruction,data/dates/2026-04-20/,,data/ohlcv/2026-06-11,83,77,2026-06-12T16:30:00+07:00
2026-04-21,historical_ohlcv_reconstruction,data/dates/2026-04-21/,,data/ohlcv/2026-06-11,81,71,2026-06-12T16:30:00+07:00
2026-04-22,historical_ohlcv_reconstruction,data/dates/2026-04-22/,,data/ohlcv/2026-06-11,112,105,2026-06-12T16:30:00+07:00
2026-04-23,historical_ohlcv_reconstruction,data/dates/2026-04-23/,,data/ohlcv/2026-06-11,91,83,2026-06-12T16:30:00+07:00
2026-04-24,historical_ohlcv_reconstruction,data/dates/2026-04-24/,,data/ohlcv/2026-06-11,70,68,2026-06-12T16:30:00+07:00
2026-04-27,historical_ohlcv_reconstruction,data/dates/2026-04-27/,,data/ohlcv/2026-06-11,94,86,2026-06-12T16:30:00+07:00
2026-04-28,historical_ohlcv_reconstruction,data/dates/2026-04-28/,,data/ohlcv/2026-06-11,85,83,2026-06-12T16:30:00+07:00
2026-04-29,historical_ohlcv_reconstruction,data/dates/2026-04-29/,,data/ohlcv/2026-06-11,107,98,2026-06-12T16:30:00+07:00
2026-04-30,historical_ohlcv_reconstruction,data/dates/2026-04-30/,,data/ohlcv/2026-06-11,90,85,2026-06-12T16:30:00+07:00
2026-05-04,historical_ohlcv_reconstruction,data/dates/2026-05-04/,,data/ohlcv/2026-06-11,106,101,2026-06-12T16:30:00+07:00
2026-05-05,historical_ohlcv_reconstruction,data/dates/2026-05-05/,,data/ohlcv/2026-06-11,99,93,2026-06-12T16:30:00+07:00
2026-05-06,historical_ohlcv_reconstruction,data/dates/2026-05-06/,,data/ohlcv/2026-06-11,107,101,2026-06-12T16:30:00+07:00
2026-05-07,historical_ohlcv_reconstruction,data/dates/2026-05-07/,,data/ohlcv/2026-06-11,139,125,2026-06-12T16:30:00+07:00
2026-05-08,historical_ohlcv_reconstruction,data/dates/2026-05-08/,,data/ohlcv/2026-06-11,98,87,2026-06-12T16:30:00+07:00
2026-05-11,historical_ohlcv_reconstruction,data/dates/2026-05-11/,,data/ohlcv/2026-06-11,131,123,2026-06-12T16:30:00+07:00
2026-05-12,historical_ohlcv_reconstruction,data/dates/2026-05-12/,,data/ohlcv/2026-06-11,86,82,2026-06-12T16:30:00+07:00
2026-05-13,historical_ohlcv_reconstruction,data/dates/2026-05-13/,,data/ohlcv/2026-06-11,93,88,2026-06-12T16:30:00+07:00
2026-05-14,historical_ohlcv_reconstruction,data/dates/2026-05-14/,,data/ohlcv/2026-06-11,12,12,2026-06-12T16:30:00+07:00
2026-05-15,historical_ohlcv_reconstruction,data/dates/2026-05-15/,,data/ohlcv/2026-06-11,20,20,2026-06-12T16:30:00+07:00
2026-05-18,historical_ohlcv_reconstruction,data/dates/2026-05-18/,,data/ohlcv/2026-06-11,192,188,2026-06-12T16:30:00+07:00
2026-05-19,historical_ohlcv_reconstruction,data/dates/2026-05-19/,,data/ohlcv/2026-06-11,161,155,2026-06-12T16:30:00+07:00
2026-05-20,historical_ohlcv_reconstruction,data/dates/2026-05-20/,,data/ohlcv/2026-06-11,176,164,2026-06-12T16:30:00+07:00
2026-05-21,historical_ohlcv_reconstruction,data/dates/2026-05-21/,,data/ohlcv/2026-06-11,129,126,2026-06-12T16:30:00+07:00
2026-05-22,historical_ohlcv_reconstruction,data/dates/2026-05-22/,,data/ohlcv/2026-06-11,180,175,2026-06-12T16:30:00+07:00
2026-05-25,historical_ohlcv_reconstruction,data/dates/2026-05-25/,,data/ohlcv/2026-06-11,103,97,2026-06-12T16:30:00+07:00
2026-05-26,historical_ohlcv_reconstruction,data/dates/2026-05-26/,,data/ohlcv/2026-06-11,69,65,2026-06-12T16:30:00+07:00
2026-05-27,historical_ohlcv_reconstruction,data/dates/2026-05-27/,,data/ohlcv/2026-06-11,47,47,2026-06-12T16:30:00+07:00
2026-05-28,historical_ohlcv_reconstruction,data/dates/2026-05-28/,,data/ohlcv/2026-06-11,33,33,2026-06-12T16:30:00+07:00
2026-05-29,historical_ohlcv_reconstruction,data/dates/2026-05-29/,,data/ohlcv/2026-06-11,122,115,2026-06-12T16:30:00+07:00
2026-06-02,historical_ohlcv_reconstruction,data/dates/2026-06-02/,,data/ohlcv/2026-06-11,124,118,2026-06-12T16:30:00+07:00
2026-06-03,historical_ohlcv_reconstruction,data/dates/2026-06-03/,,data/ohlcv/2026-06-11,232,228,2026-06-12T16:30:00+07:00
2026-06-04,historical_ohlcv_reconstruction,data/dates/2026-06-04/,,data/ohlcv/2026-06-11,270,267,2026-06-12T16:30:00+07:00
2026-06-05,historical_ohlcv_reconstruction,data/dates/2026-06-05/,,data/ohlcv/2026-06-11,113,111,2026-06-12T16:30:00+07:00
2026-06-08,historical_ohlcv_reconstruction,data/dates/2026-06-08/,,data/ohlcv/2026-06-11,223,221,2026-06-12T16:30:00+07:00
2026-06-09,full_workbook,data/dates/2026-06-09/,downloads/2026-06-09.xlsx,data/ohlcv/2026-06-11,23,14,2026-06-12T16:30:00+07:00
2026-06-10,full_workbook,data/dates/2026-06-10/,downloads/2026-06-10.xlsx,data/ohlcv/2026-06-11,35,22,2026-06-12T16:30:00+07:00
2026-06-11,full_workbook,data/dates/2026-06-11/,downloads/2026-06-11.xlsx,data/ohlcv/2026-06-11,31,18,2026-06-12T16:30:00+07:00
2026-06-12,full_workbook,data/dates/2026-06-12/,downloads/2026-06-12.xlsx,data/ohlcv/2026-06-12,49,35,2026-06-12T16:30:00+07:00
